:020000040800F2
:10000000407300202903000849820008D54A0008EF
:1000100045820008AD08000871BE0008000000001D
:10002000000000000000000000000000690200085D
:10003000B70A000800000000C5020008618B000834
:100040004303000843030008430300084303000878
:100050004303000843030008430300084303000868
:100060004303000843030008430300084303000858
:100070007D09000843030008430300084303000808
:100080004303000843030008430300084303000838
:10009000C90800084303000843030008430300089D
:1000A0004303000843030008430300084303000818
:1000B0004303000843030008430300084303000808
:1000C00043030008430300084303000843030008F8
:1000D000430300084303000843030008E5950008B4
:1000E00043030008430300084303000843030008D8
:1000F000430300085D8C0008430300084303000825
:1001000043030008430300084303000843030008B7
:1001100043030008430300084303000843030008A7
:10012000430300088D090008430300084303000847
:100130004303000843030008430300084303000887
:10014000D9080008430300084303000843030008DC
:10015000430300089D09000843030008F5950008C3
:100160004303000843030008430300084303000857
:10017000430300084D82000843030008000000000C
:10018000430300084303000800F002F800F05CF8A5
:100190000AA090E8000C82448344AAF10107DA45E2
:1001A00001D100F051F8AFF2090EBAE80F0013F0D8
:1001B000010F18BFFB1A43F001031847EC100100B0
:1001C0000C1101000A444FF0000C10F8013B13F031
:1001D000070408BF10F8014B1D1108BF10F8015BA0
:1001E000641E05D010F8016B641E01F8016BF9D193
:1001F00013F0080F1EBF10F8014BAD1C0C1B09D1EA
:100200006D1E58BF01F801CBFAD505E014F8016B5B
:1002100001F8016B6D1EF9D59142D6D370470000ED
:100220000023002400250026103A28BF78C1FBD8FF
:10023000520728BF30C148BF0B6070471FB510F090
:10024000F3FA1FBD10B510BD00F096F91146FFF787
:10025000F5FF0EF039F900F0B4F903B4FFF7F2FF3F
:1002600003BC00F0B7F900002C4B19680868B0E82F
:10027000F04F80F30988BFF36F8F4FF0000080F3D9
:10028000118870470000000008480068006880F38B
:1002900008884FF0000080F3148862B661B6BFF39F
:1002A0004F8FBFF36F8F00DF00BF00BF08ED00E08E
:1002B000DFF80C00016841F470010160704700BF75
:1002C00088ED00E0EFF30980BFF36F8F134B1A68DE
:1002D0001EF0100F08BF20ED108A20E9F04F1060CB
:1002E00009B44FF0500080F31188BFF34F8FBFF374
:1002F0006F8F0FF093FE4FF0000080F3118809BC60
:1003000019680868B0E8F04F1EF0100F08BFB0EC95
:10031000108A80F30988BFF36F8F70478800002030
:10032000EFF30580704700000948804709480047FF
:10033000FEE7FEE7FEE7FEE7FEE7FEE7FEE7FEE795
:10034000FEE7FEE704480549054A064B70470000F2
:10035000498C000889010008406D0020407300208E
:10036000406F0020406F002053EA020C00F06980CB
:100370002DE9F04B4FF00006002B1FBFB3FA83F5B9
:1003800003FA05F424FA05F65E4012BF1643B2FAEA
:1003900082F502FA05F4C5F120051EBF22FA05FC1C
:1003A00044EA0C04203556EA044C4FEA144418BFC2
:1003B000641C4FF000084FF00009904271EB030CF1
:1003C00039D3002919BFB1FA81F701FA07F6B0FA5B
:1003D00080F700FA07F6C7F120071EBF20FA07FCD6
:1003E00046EA0C062037B6FBF4FCA7EB0507103FE6
:1003F00007F01F0BCBF120060CFA0BFB2CFA06F6CC
:1004000044BFB3460026202FA4BF5E464FF0000B2A
:100410005BEA060C08BF4FF0010B19EB0B09ABFBB5
:10042000027C48EB0608C01B06FB02CC0BFB03CC8E
:1004300071EB0C01C1E70B46024641464846BDE858
:10044000F08B13B54FF000004FF00001AFF30080C8
:10045000BDE81C40704710B5203AC0F00B80B1E8F1
:100460001850203AA0E81850B1E81850A0E81850E9
:10047000BFF4F5AF5FEA027C24BFB1E81850A0E8F2
:10048000185044BF18C918C0BDE810405FEA827C0C
:1004900024BF51F8043B40F8043B08BF7047D20723
:1004A00028BF31F8023B48BF11F8012B28BF20F8C4
:1004B000023B48BF00F8012B70474FF000020429AF
:1004C000C0F0128010F0030C00F01B80CCF1040C83
:1004D000BCF1020F18BF00F8012BA8BF20F8022BB7
:1004E000A1EB0C0100F00DB85FEAC17C24BF00F85D
:1004F000012B00F8012B48BF00F8012B70474FF08B
:10050000000200B5134694469646203922BFA0E863
:100510000C50A0E80C50B1F12001BFF4F7AF09076F
:1005200028BFA0E80C5048BF0CC05DF804EB890060
:1005300028BF40F8042B08BF704748BF20F8022BA3
:1005400011F0804F18BF00F8012B704770477047BB
:10055000704710B500F008F8006810BD10B50446EB
:1005600000F002F8046010BD00487047E06C002005
:1005700000487047E06C00207546FFF7F9FFAE4673
:1005800005006946534620F00700854618B020B59F
:10059000FFF7D8FEBDE820404FF000064FF00007FF
:1005A0004FF000084FF0000B21F00701AC46ACE81B
:1005B000C009ACE8C009ACE8C009ACE8C0098D4688
:1005C000704710B50446AFF300802046BDE81040E8
:1005D000FFF743BE01491820ABBEFEE7260002002C
:1005E0007047000010B501221021024801F012FCF2
:1005F00010BD00000000024010B50022102102488A
:1006000001F008FC10BD000000000240704700002F
:1006100010B501221146024801F0FCFB10BD00009C
:100620000004024010B500220121024801F0F2FB53
:1006300010BD000000040240704710B5044603E0FE
:100640004FF47A7000F006F8201EA4F101018CB27C
:10065000F6D110BD70B5034600BF00BF00200022D8
:1006600000BF4FF0E0267569C3EB031674014FF02D
:10067000E026B16910E04FF0E026B06988420BD067
:10068000884202D20E1A324402E02E1A0E4432443C
:100690000146A24200D300E0EDE700BF70BD10B5F7
:1006A0000024FFF7B3FFFFF7C7FF0CF085FB0443FF
:1006B0000CF016FC0443204610BD00002DE9FC415F
:1006C00005460E461746002000900190FFF794FF64
:1006D000922000F0D1F806226946122000F0ACF812
:1006E000FFF780FF9DF80100000200B29DF80010A6
:1006F00040EA010400EE104AB8EEC00A4C48D0EDC2
:10070000000A20EE200A86ED000A9DF80300000290
:1007100000B29DF8021040EA010400EE104AB8EE63
:10072000C00A4348D0ED000A20EE200A86ED010AF7
:100730009DF80500000200B29DF8041040EA010493
:1007400000EE104AB8EEC00A3948D0ED000A20EE9B
:10075000200A86ED020AFFF765FF0822694600209D
:1007600000F06AF8FFF754FF9DF800000F2838D119
:100770009DF80300000200B29DF8021040EA010457
:1007800000EE104AB8EEC00A2A48D0ED000A20EE6A
:10079000200A85ED000A9DF80500000200B29DF8D0
:1007A000041040EA010400EE104AB8EEC00A2148E5
:1007B000D0ED000A20EE200A85ED010A9DF8070021
:1007C000000200B29DF8061040EA010400EE104A53
:1007D000B8EEC00A1748D0ED000A20EE200A85EDD9
:1007E000020AFFF709FFA22000F046F8022269463C
:1007F000222000F021F8FFF7F5FE9DF80000C00070
:100800009DF8011040EA6114B4F5806F02DBA4F595
:10081000006004B200EE104AF8EEC00AB4EE001A0E
:10082000B3EE070A00EE810A87ED000ABDE8FC81FD
:10083000180500201C05002070B506460C4615461C
:1008400046F0800000F018F806E0552000F014F89B
:100850002070641C681EC5B2002DF6D170BD70B545
:1008600004460D4644F0800000F006F8552000F0E4
:1008700003F8287070BD000001B582B04FF47A70A3
:10088000012301AA02A90090024802F021FF9DF86D
:1008900004000EBD9C09002070B505460C46284694
:1008A000FFF7EAFF2046FFF7E7FF70BD00BFFEE756
:1008B00010B50821034803F0FFFB00200149096837
:1008C000C86310BDF409002010B5024800F0E1FB38
:1008D00010BD00004C09002010B5024800F0D9FB03
:1008E00010BD0000740900200346042B15D007DC5E
:1008F0007BB1012B0ED0022B0DD0032B12D10BE0BC
:10090000202B0BD0212B0AD0222B09D0232B09D14D
:1009100007E008E007E006E005E004E003E002E0AD
:1009200001E000E000BF00BF0020704700207047DA
:1009300010B500220449054809F0FDF804490348B0
:1009400009F0EAF8002010BDA0190020C40C002016
:10095000A011002070B504460D462146034809F059
:10096000DBF8024809F0A4F8002070BDC40C002098
:1009700010B503460C460021084610BD10B50248CC
:1009800000F05AFF10BD00005C0B002010B50248BB
:1009900000F052FF10BD0000BC0B002010B5024853
:1009A00000F04AFF10BD00001C0C00200146087832
:1009B00010381823B0FBF3F20848805CC865032A9E
:1009C00005D908686FF30900001D886503E0086811
:1009D0006FF309008865886D70470000A40801085E
:1009E000014600208A6A8B69CBB932B1012A0DD049
:1009F000022A03D0032A10D10EE000BFCB6A03F015
:100A00008073B3F1807F00D1012007E0CB6AB3F19E
:100A1000C07F00D1012001E000E000BF34E08B691D
:100A2000B3F5005F1AD132B1012A07D0022A03D0F0
:100A3000032A11D10AE000BF01200EE0CB6A03F0C7
:100A40008073B3F1807F00D1012006E0CB6AB3F15F
:100A5000C07F00D1012000E000BF15E032B1012AC3
:100A600005D0022A04D0032A0CD103E000BF00BF46
:100A7000012008E0CB6A03F08073B3F1807F00D1DE
:100A8000012000E000BF00BF704730B50468246853
:100A900024F4802405682C60046863608468402C1A
:100AA00004D10468A2600468E16003E00468A16006
:100AB0000468E26030BD704730B5C1B004460D46F1
:100AC00022480560002021498860C860082008612C
:100AD0001F492068884205D14FF482721D4968463B
:100AE000FFF7B9FC1C492068884205D14FF4827297
:100AF0001A496846FFF7AFFCFF208DF8C000FF21C0
:100B00008DF8C1108DF8C2108DF8C3108DF8C41087
:100B10008DF8C5108DF8C610FD218DF8C710012382
:100B200030AA0A49204600F0B4F860B1022330AA86
:100B30000649204600F0ADF828B1042330AA034945
:100B4000204600F0A6F841B030BD0000CC6800207F
:100B500000640040AC66002000680040B0670020E0
:100B600030B5C1B004460D46224805600020214939
:100B70008860C860082008611F492068884205D144
:100B80004FF482721D496846FFF765FC1C492068D6
:100B9000884205D14FF482721A496846FFF75BFC20
:100BA000FF208DF8C000FF218DF8C1108DF8C21014
:100BB0008DF8C3108DF8C4108DF8C5108DF8C610CF
:100BC000FC218DF8C710012330AA0A49204600F005
:100BD00060F860B1022330AA0649204600F059F8B7
:100BE00028B1042330AA0349204600F052F841B04E
:100BF00030BD0000B468002000640040AC660020F6
:100C000000680040B067002072B600BFFEE7000039
:100C1000014890ED690A704700690020014890ED95
:100C2000680A70470069002070B50A480468001D12
:100C30000568001D0668344454B108220649204660
:100C400005F066F8042204491031284605F060F8E2
:100C500070BD0000107AFF1F4A000020014890ED8F
:100C60006A0A70470069002010B5024692F82030E9
:100C7000012B01D0022B06D110684069084314688B
:100C80006061002010BD506A40F480205062012055
:100C9000F8E7F0B504460D461E4694F8207020682B
:100CA0008368A86800B900E000BF012F01D0022FBF
:100CB0007DD103F0806030B903F0006018B903F013
:100CC000805000287ED0C3F301610120884030604D
:100CD000A86860B9B5F800C0E86840EA4C5C2068D4
:100CE00000F5C07000EB0110C0F800C00FE0D5E9BE
:100CF00001C040EACC00D5F80CC040EA0C00D4F8A2
:100D000000C00CF5C07C0CEB011CCCF80000D5F841
:100D100010C0206800F5C07000EB0110C0F804C0DE
:100D2000287D01280ED1206800F5C07000EB01106D
:100D3000406840F4807C206800F5C07000EB011032
:100D4000C0F804C0D079000692F806C040EA0C4012
:100D500092F805C040EA0C2092F804C040EA0C006A
:100D6000D4F800C00CF5C07C0CEB011CCCF80C00D6
:100D7000D078000692F802C040EA0C4092F801C018
:100D800040EA0C2092F800C040EA0C00D4F800C001
:100D90000CF5C07C0CEB011CCCF80800206800F5B9
:100DA000C07000EB0110006840F0010C01E00FE0A2
:100DB00008E0206800F5C07000EB0110C0F800C02A
:100DC0000020F0BD606A40F4001060620120F8E786
:100DD000606A40F4802060620120F2E7F0B50446CA
:100DE0000A4694F82050012D01D0022D7ED14249AF
:100DF00001F50071086840F001000860086820F4FF
:100E00007C5008600868566A40EA06200860107D39
:100E100000F01F06012000FA06F3C8699843C86174
:100E2000A1F50071D069C8B9D1F80C029843C1F896
:100E30000C02908880B2968940EA064601F510704F
:100E4000576940F83760108880B2168940EA064634
:100E500001F51070576900EBC7004660D0690128A2
:100E600019D1D1F80C021843C1F80C02908880B255
:100E7000168840EA064601F51070576940F8376059
:100E8000908980B2168940EA064601F510705769CC
:100E900000EBC7004660906928B9D1F80402984376
:100EA000C1F8040204E0D1F804021843C1F80402B6
:100EB000106928B9D1F814029843C1F8140204E06B
:100EC000D1F814021843C1F81402106A012804D1A1
:100ED000D1F81C021843C1F81C02D1F8000220F01E
:100EE0000100C1F800020020F0BDFFE7606A40F495
:100EF000802060620120F7E700640040704770B511
:100F0000044694F82050012D01D0022D7DD151B915
:100F10002068C06800F0030080B9606A40F40010E7
:100F20006062012070BD2068006900F0030028B9EC
:100F3000606A40F4001060620120F3E7206800F569
:100F4000D87000EB0110006800F004009060906819
:100F500040B9206800F5D87000EB01100068400D22
:100F6000106007E0206800F5D87000EB0110006801
:100F7000C0085060206800F5D87000EB01100068D0
:100F800000F00200D060206800F5D87000EB01107E
:100F9000406800F00F00082802D30820106108E024
:100FA000206800F5D87000EB0110406800F00F00D9
:100FB0001061206800F5D87000EB0110406800F463
:100FC0007F40000A9061206800F5D87000EB0110A6
:100FD0004068000C5061206800F5D87000EB0110EB
:100FE00080681870206800F5D87000EB01108068E8
:100FF00000F47F40000A5870206800F5D87000EBBC
:101000000110806800F47F0000E03CE0000C987064
:10101000206800F5D87000EB01108068000ED870D1
:10102000206800F5D87000EB0110C06818712068C6
:1010300000F5D87000EB0110C06800F47F40000A92
:101040005871206800F5D87000EB0110C06800F4FA
:101050007F00000C9871206800F5D87000EB01103B
:10106000C068000ED87131B92068C06840F0200017
:101070002668F06005E02068006940F020002668DE
:10108000306100204EE7606A40F4802060620120F9
:1010900048E72DE9F05F044600252068466920688E
:1010A000D0F80490206887682068D0F80CA02068E9
:1010B000D0F810B02068D0F8188006F001000028A1
:1010C00055D007F00100C0B101202168886007F009
:1010D000020018B1204600F03EFB0EE007F00400CD
:1010E00010B145F4006508E007F0080010B145F4C0
:1010F000805502E0204600F02DFB07F48070C8B157
:101100004FF480702168886007F4007018B12046A1
:1011100000F023FB0EE007F4806010B145F40055A9
:1011200008E007F4006010B145F4804502E0204675
:1011300000F012FB07F48030C8B14FF48030216812
:10114000886007F4003018B1204600F008FB0EE07C
:1011500007F4802010B145F4004508E007F40020B2
:1011600010B145F4803502E0204600F0F7FA06F0B1
:10117000080038B10AF0100020B145F400751020C5
:101180002168C86006F0040040B10AF0080028B1E8
:1011900008202168C860204600F00CFA06F0020022
:1011A00038B12068C06800F0030010B1204600F09C
:1011B00003FA06F0400038B10BF0100020B145F4FE
:1011C000806510202168086106F0200040B10BF016
:1011D000080028B1082021680861204600F088FA3C
:1011E00006F0100038B12068006900F0030010B16B
:1011F000204600F07EFA06F4003040B109F01000FD
:1012000028B1102021684860204600F073FA06F4E7
:10121000803040B109F0080028B1082021684860FA
:10122000204600F09DFA06F4004088B309F004005F
:1012300078B306F4807020B108F0010008B145F0E1
:10124000010506F4007020B108F0020008B145F075
:10125000020506F4806020B108F0040008B145F0F2
:10126000040506F40060A0B108F0700088B108F031
:101270007000402817D006DC10280BD020280CD096
:10128000302819D10CE0502810D0602814D110E07B
:101290001DE019E045F008050FE045F010050CE0F1
:1012A00045F0200509E045F0400506E045F08005E1
:1012B00003E045F4807500E000BF00BF206880694E
:1012C00020F07000216888610420216848602DB1F9
:1012D000606A284360622046FFF710FEBDE8F09F79
:1012E00070B504460CB9012070BD94F8200010B907
:1012F000204600F0AFF82068006840F00100216847
:10130000086000F08DFD05460DE000F089FD401BF2
:101310000A2808D9606A40F400306062052084F829
:1013200020000120E0E72068406800F0010000286C
:10133000EBD02068006820F002002168086000F00F
:101340006FFD05460DE000F06BFD401B0A2808D933
:10135000606A40F400306062052084F820000120BB
:10136000C2E72068406800F002000028EBD1207E30
:10137000012806D12068006840F0800021680860DC
:1013800005E02068006820F0800021680860607E29
:10139000012806D12068006840F0400021680860FC
:1013A00005E02068006820F0400021680860A07E09
:1013B000012806D12068006840F0200021680860FC
:1013C00005E02068006820F0200021680860E07EC9
:1013D000012806D12068006820F01000216808600C
:1013E00005E02068006840F0100021680860207F58
:1013F000012806D12068006840F0080021680860D4
:1014000005E02068006820F0080021680860607F1F
:10141000012806D12068006840F0040021680860B7
:1014200005E02068006820F0040021680860D4E925
:101430000201084321690843616908436168491E44
:1014400008432168C86100206062012084F8200000
:10145000002049E710B586B00446142101A8FFF723
:101460004EF84E492068884241D14D480068401CE2
:101470004B4908600846006801280FD100BF0020D2
:1014800000904848006840F00070464908600846EF
:10149000006800F00070009000BF00BF00BF002097
:1014A000009040481038006840F008003D4910396D
:1014B00008600846006800F00800009000BF00BF08
:1014C000032001900220029000200390032004904A
:1014D0000920059001A9344800F0A2FB0022052153
:1014E000142000F065FD142000F04EFD54E02F495B
:1014F0002068884250D100BF002000902948006831
:1015000040F08060274908600846006800F080606D
:10151000009000BF00BF22480068401C20490860BE
:101520000846006801280FD100BF002000901D4828
:10153000006840F000701B4908600846006800F031
:101540000070009000BF00BF00BF00200090154851
:101550001038006840F0020012491039086008464F
:10156000006800F00200009000BF00BF6020019002
:10157000022002900020039003200490092005908F
:1015800001A90B4800F04CFB00220521402000F08F
:101590000FFD402000F0F8FC06B010BD00640040D4
:1015A0001000002040380240000C0240006800405B
:1015B000000402407047000070B506464649306896
:1015C000884200D1454C46493068884200D1454C9C
:1015D00004F1C80304F1D00200213046FFF78FFC6C
:1015E000002878D10025D4F8D000113808286BD213
:1015F000DFE800F00405060708090A0B00BF00BF7A
:1016000000BF00BF00BF00BF00BFD4F8D000A0F1F2
:101610001105CA20015DC920005D41EA002044F89F
:101620002500CB20005D0101CC20005D41EA2011A6
:1016300004F1200040F82510CD20015DCC20005D94
:1016400000F00F0041EA002104F1400040F82510AD
:1016500054F825001021DFED240A9FED240A0EF036
:1016600027FB04F1600000EB850080ED000A04F127
:10167000200151F825000C21F3EE0E0ABBEE0E0AF4
:101680000EF016FB04F1800000EB850080ED000AEF
:1016900004F1400151F825000C21F2EE040ABAEEE3
:1016A000040A0EF005FB04F1A00000EB850080EDBC
:1016B000000A04F1EC00405D401CC1B204F1EC00F2
:1016C000415502E007E0FFE700BF00BF02213046BE
:1016D000FFF7CAFA00BF70BD00640040AC6600208E
:1016E00000680040B0670020D00F4940D00F49C0CB
:1016F00070477047704770B5044694F82000012881
:1017000022D1022084F820002068006820F0010027
:101710002168086000F084FB05460DE000F080FBC6
:10172000401B0A2808D9606A40F400306062052036
:1017300084F82000012070BD2068406800F001009E
:101740000028EBD16062F6E7606A40F40020606236
:101750000120F0E770477047704770477047704747
:10176000704770B50446A56D00F05AFB064694F824
:101770003500022808D08020606500BF002084F872
:10178000340000BF012070BD2068006820F0160002
:10179000216808602068406920F080002168486165
:1017A000206C08B9A06C28B12068006820F00800FF
:1017B000216808602068006820F001002168086046
:1017C00010E000F02DFB801B05280BD92020606560
:1017D000032084F8350000BF002084F8340000BFE7
:1017E0000320D0E72068006800F001000028E8D15D
:1017F00094F85C103F208840A860012084F83500F0
:1018000000BF002084F8340000BF00BFBBE70146E2
:1018100091F83500022803D08020486501207047E8
:10182000052081F835000868006820F001000A688A
:1018300010600020F3E70000F8B504460020009097
:101840008C4800684FF41651B0FBF1F7A56D2E6877
:1018500094F85C1008208840304098B120680068F7
:1018600000F0040070B12068006820F004002168D6
:10187000086094F85C1008208840A860606D40F013
:101880000100606594F85C1001208840304068B128
:101890002068406900F0800040B194F85C1001209D
:1018A0008840A860606D40F00200606594F85C10AC
:1018B00004208840304068B12068006800F00200D1
:1018C00040B194F85C1004208840A860606D40F03E
:1018D0000400606594F85C1010208840304078B3B4
:1018E0002068006800F0080050B394F85C101020E5
:1018F0008840A8602068006800F4802080B12068DB
:10190000006800F4002028B9206CC8B12046216C82
:10191000884715E0A06C98B12046A16C88470FE07D
:101920002068006800F4807028B92068006820F002
:10193000080021680860206C10B12046216C88479F
:1019400094F85C10202088403040002865D0206842
:10195000006800F0100000285FD094F85C10202090
:101960008840A86094F83500052828D120680068D0
:1019700020F01600216808602068406920F080008F
:1019800021684861206C08B9A06C28B12068006803
:1019900020F008002168086094F85C103F2088401F
:1019A000A860012084F8350000BF002084F83400CE
:1019B00000BF206D10B12046216D8847F8BD20681A
:1019C000006800F4802080B12068006800F40020E6
:1019D00028B9606C10B12046616C88471DE0E06B4F
:1019E000D8B12046E16B884717E02068006800F412
:1019F000807068B92068006820F0100021680860D5
:101A0000012084F8350000BF002084F8340000BFB6
:101A1000E06B10B12046E16B8847606D38B3606DB4
:101A200000F00100F0B1052084F83500206800685E
:101A300020F001002168086000BF0098401C009061
:101A4000B84200D905E02068006800F001000028D5
:101A5000F3D100BF012084F8350000BF002084F8D6
:101A6000340000BFE06C10B12046E16C884700BF35
:101A7000A4E70000840000202DE9F0410446002581
:101A800000F0CEF9074614B90120BDE8F081606A84
:101A900000B100BF022084F8350000BF002084F8A8
:101AA000340000BF2068006820F001002168086051
:101AB0000AE000F0B5F9C01B052805D920206065B3
:101AC000032084F83500E0E72068006800F001009A
:101AD0000028EED12068056821480540D4E90101BD
:101AE0000843E16808432169084361690843A16923
:101AF0000843E1690843216A08430543606A0428F2
:101B000003D1D4E90B010843054320680560206830
:101B1000456925F00705606A0543606A04280DD110
:101B2000A06A0543E06A48B12046FEF759FF28B194
:101B300040206065012084F83500A6E720684561F3
:101B40002046FEF733FF064694F85C103F2088409D
:101B5000B06000206065012084F83500002094E723
:101B60003F8010F02DE9F04704460D4616461F460B
:101B70004FF00008D4F8589000BF94F834000128C2
:101B800002D10220BDE8F087012084F8340000BFB4
:101B900094F83500012825D1022084F83500002072
:101BA00060653B46324629462046FEF76EFF94F8B4
:101BB0005C103F208840C9F808002068006840F0A9
:101BC000160021680860206C28B12068006840F089
:101BD0000800216808602068006840F00100216862
:101BE000086006E000BF002084F8340000BF4FF01A
:101BF00002084046C6E7000070B5044600F010F940
:101C000006462546681C10B104480078054400BF0C
:101C100000F006F9801BA842FAD370BD80000020B6
:101C2000F8B502460B460025002400200021D6E02E
:101C3000012606FA01F51E6806EA0504AC4274D1D5
:101C40001E7906F00306012E04D01E7906F0030665
:101C5000022E13D190684F000326BE40B0434F00C0
:101C6000DE68BE4030439060506801268E40B0432D
:101C70001E79C6F300168E40304350601E7906F080
:101C80000306032E09D0D0684F000326BE40B043A0
:101C90004F009E68BE403043D0601E7906F00306B8
:101CA000022E13D1CF0802F1200656F827004E0766
:101CB000F70E0F26BE40B0434F07FF0E1E69BE4011
:101CC0003043CF0802F1200646F8270010684F0085
:101CD0000326BE40B0431E7906F003064F00BE4007
:101CE000304310605E6806F44036002E76D000BFA8
:101CF000002600963C4E366846F480463A4F3E60D9
:101D00003E46366806F48046009600BF00BF374E58
:101D10008F0856F827008E07370F0F26BE40B043B6
:101D2000334EB24202D1002624E057E0314EB24297
:101D300001D101261EE0304EB24201D1022619E047
:101D40002E4EB24201D1032614E02D4EB24201D1F3
:101D500004260FE02B4EB24201D105260AE02A4E9E
:101D6000B24201D1062605E0284EB24201D1072633
:101D700000E008268F073F0FBE4030431B4E8F0800
:101D800046F82700224E3068A0435E6806F48016AD
:101D900006B120431E4E3060361D3068A0435E6899
:101DA00006F4001606B12043194E361D3060184E59
:101DB000361F3068A0435E6806F4003606B1204343
:101DC000134E361F3060361F3068A0435E6806F43D
:101DD000803606B120430E4E083E3060491C102963
:101DE000FFF426AFF8BD0000443802400838014037
:101DF000000002400004024000080240000C0240C3
:101E0000001002400014024000180240001C024072
:101E1000083C01400AB1816101E00B048361704715
:101E200001480068704700007800002003480068FF
:101E30000349097808440149086070477800002088
:101E40008000002010B50D48006840F400700B4978
:101E500008600846006840F4806008600846006832
:101E600040F480700860032000F0E0F80F2000F0DC
:101E700007F800F05FF8002010BD0000003C0240B1
:101E80002DE9F04188B004460027B84600BF002085
:101E900001902348006840F480702149086008469A
:101EA000006800F48070019000BF00BF02A903A881
:101EB00001F05AF8069F1FB901F07EF8054602E0CE
:101EC00001F07AF845001748B5FBF0F0A0F10108E1
:101ED00015481649086040F2E7311448C160C0F85F
:101EE0000480002101618160816101F0ABFD064643
:101EF00096B90E4801F0F4FD06466EB92D2000F0AB
:101F000043F8102C07D2002221462D2000F050F873
:101F10000748046000E00126304608B0BDE8F081C3
:101F20004038024040420F00002000407C0C00205E
:101F30007C00002008B500BF002000901148006818
:101F400040F480400F4908600846006800F4804073
:101F5000009000BF00BF00BF00200090081F006875
:101F600040F08050091F08600846006800F080506B
:101F7000009000BF00BF00220F21901E00F018F853
:101F800008BD0000443802400146084600280DDB29
:101F900000BF00BF00F01F0301229A4043099B00CD
:101FA00003F1E023C3F8002100BF00BF00BF70476A
:101FB0002DE9F05F80460D461646002709F06EFFBA
:101FC000074639462A46334601F00700C0F1070AA2
:101FD000BAF1040F02D94FF0040A01E0C0F1070A78
:101FE000D14600F1040ABAF1070F02D24FF0000AFD
:101FF00001E0A0F1030AD4464FF0010A0AFA09FAF7
:10200000AAF1010A0AEA020A0AFA0CFA4FF0010BD5
:102010000BFA0CFBABF1010B0BEA030B4AEA0B04C6
:102020002146404609F042FFBDE8F09F00BF00F0A6
:102030000702064B19684FF6FF031940044B0B4388
:1020400043EA0221014B196000BF70470CED00E02C
:102050000000FA0570470246106841620020704790
:10206000F0B5034615461868446A21B944EA0540AC
:102070001E68B06219E01868806A04EB1044002200
:1020800008E0186800F5827050F8220004EB104454
:10209000501CC2B2481E9042F3D844EA0547186863
:1020A00000F582704E1E40F826700020F0BD10B57D
:1020B0000446D4F8E00408F03FFA10BD70B50446B9
:1020C0000D4605EBC50304F1140101EB8301CA6859
:1020D0002946D4F8E00408F022F970BD70B5044632
:1020E0000D4605EBC50304F5157101EB8301CA68C4
:1020F0002946D4F8E00408F09AF970BD10B50446FA
:10210000D4F8E00408F01BFA10BD2DE9F0410446B4
:102110000D4605F08000802808D105F00F0000EB87
:10212000C00104F1140000EB810607E005F00F0088
:1021300000EBC00104F5157000EB81063146206804
:1021400009F058FC07463846BDE8F08170B50446F2
:102150000E4606F0800080280AD106F00F0000EB42
:10216000C00104F1140000EB81050120687009E052
:1021700006F00F0000EBC00104F5157000EB8105BF
:102180000020687006F00F00287000BF94F89404D7
:10219000012801D1022070BD012084F8940400BF01
:1021A0002946206808F0B4FF00BF002084F894049A
:1021B00000BF00BFEFE770B504460E4606F00F0003
:1021C0002179884201D9012070BD06F08000802865
:1021D0000AD106F00F0000EBC00104F1140000EB7F
:1021E00081050120687009E006F00F0000EBC001D6
:1021F00004F5157000EB8105002068700020A870C0
:1022000006F00F00287000BF94F89404012801D153
:102210000220D9E7012084F8940400BF29462068F1
:1022200009F074F900BF002084F8940400BF00BFD7
:10223000CAE7024601F00F0000EBC00302F515707B
:1022400000EB8300406970472DE9F04705460E46D4
:1022500090461F464FF0000906F0800080280AD102
:1022600006F00F0000EBC00105F1140000EB810443
:102270000120607009E006F00F0000EBC00105F5D9
:10228000157000EB81040020607006F00F002070D4
:10229000C8F30A00A0602771607808B120786083D5
:1022A000022F01D10020607100BF95F8940401282D
:1022B00002D10220BDE8F087012085F8940400BF18
:1022C0002146286808F030FE00BF002085F89404FD
:1022D00000BF4846EEE72DE9F04105460E46174699
:1022E000984606F00F0000EBC00105F5157000EBF5
:1022F0008104E760C4F8108000206061607006F01F
:102300000F002070A879012800D1E761AA79214641
:10231000286809F08FF90020BDE8F08170B5044607
:102320000D4605F00F002179884201D9012070BDCA
:1023300005F0800080280AD105F00F0000EBC001F5
:1023400004F1140000EB81060120707007E005EB3A
:10235000C50104F5157000EB8106002070700120A6
:10236000B07005F00F00307000BF94F8940401289D
:1023700001D10220DBE7012084F8940400BF31463C
:10238000206809F00AF905F00F0028B9A17904F2D4
:102390009C42206809F082F800BF002084F8940471
:1023A00000BF00BFC3E72DE9F04105460E461746C2
:1023B000984606F00F0000EBC00105F1140000EB99
:1023C0008104E760C4F81080002060610120607023
:1023D00006F00F002070A879012800D1E761AA79E2
:1023E0002146286809F026F90020BDE8F0812DE992
:1023F000FE4F0446D4F800B05E46206809F0DCFBCE
:10240000002874D1206809F016FC08B9BDE8FE8FD9
:1024100040F608008059C0F30D20C4F8D4042068A9
:1024200009F009FC00F00200022805D1206840698B
:1024300000F0020021684861206809F0FCFB00F010
:102440001000102845D12068806920F01000216814
:102450008861DBF8209009F00F0000EBC00104F563
:10246000157000EB810AC9F3434002281AD147F6E0
:10247000F07009EA000030B3C9F30A125846DAF8DE
:102480000C1009F0DDFBC9F30A11DAF80C0008445E
:10249000CAF80C00C9F30A11DAF814000844CAF8A3
:1024A000140010E0C9F3434006280CD1082204F2BE
:1024B0009C41584609F0C4FBC9F30A11DAF814002C
:1024C0000844CAF814002068806940F010002168B0
:1024D0008861206809F0AFFB00F40020B0F5002F00
:1024E0007BD10025206809F076FB029072E0E1E2E2
:1024F000029800F00100002868D0E9B2206809F0D5
:102500008DFB804608F0010048B1012106F53060DE
:1025100000EB451081602946204605F0D1FE08F009
:102520000800082809D1082106F5306000EB4510A5
:1025300081602946204605F091FE08F01000102821
:1025400005D1102106F5306000EB4510816008F0E0
:102550000200022824D1DBF8140000F0800080285B
:1025600007D140F60400805940F4806140F6040031
:10257000815105EBC50104F5157000EB810A9AF84D
:102580000300012806D100208AF80300E9B22046A2
:1025900000F09BFA022106F5306000EB45108160E7
:1025A00008F02000202805D1202106F5306000EB3E
:1025B0004510816008F40050B0F5005F06D14FF47B
:1025C000005106F5306000EB451081606D1C0298EB
:1025D00040080290029800288AD1206809F02BFB5D
:1025E00000F48020B0F5802F7DD1206809F0E9FA51
:1025F000029000259AE0029800F00100002873D0B4
:10260000E9B2206809F0F1FA804608F00100F0B361
:1026100005F00F0101208840019040F634008159F7
:10262000019821EA000040F634018851012106F5A5
:10263000106000EB45108160A079012824D105EBE2
:10264000C50104F1140000EB810005EBC502C1686F
:1026500004F1140000EB82008068014405EBC50220
:1026600004F1140000EB8200C1606DB905EBC501F7
:1026700004F1140000EB8100006928B904F29C42C7
:102680000121206808F00AFFE9B2204600E001E0DD
:10269000FFF714FD08F00800082805D1082106F509
:1026A000106000EB4510816008F01000102805D183
:1026B000102106F5106000EB4510816008F0400025
:1026C000402805D1402106F5106000EB45108160DF
:1026D00008F0020002281DD12946584609F02FFAB9
:1026E00005EBC50101E025E01CE004F1140000EB5E
:1026F000810A9AF80300012806D100208AF8030015
:10270000E9B2204600F0D8F9022106F5106000EB8E
:102710004510816008F08000802803D129462046BA
:1027200005F070FE6D1C0298400802900298002887
:102730007FF461AF206809F07EFA00F00040B0F14C
:10274000004F1CD140F60400805920F0010140F6F2
:102750000400815194F8CC04012807D1002084F8AA
:10276000CC0400212046FFF775FC02E0204600F073
:10277000C7FA2068406900F000402168486120687D
:1027800009F059FA00F40060B0F5006F0ED140F680
:102790000800805900F0010010B1204600F008FB4D
:1027A0002068406900F4006021684861206809F0F1
:1027B00042FA00F48050B0F5805F7ED140F604000C
:1027C000805920F0010140F6040081511021206859
:1027D00009F0B5F9002732E04FF67F3106F51060B9
:1027E00000EB4710816006F5106000EB47100068B1
:1027F00020F4001106F5106000EB471001604FF661
:102800007F3106F5306000EB4710816006F53060DF
:1028100000EB4710006820F4001106F5306000EB73
:102820004710016006F5306000EB4710006840F08B
:10283000006106F5306000EB471001607F1C2079D5
:10284000B842C9D840F61C00805940F0011140F64A
:102850001C008151E07B70B1D6F8840840F00B0178
:10286000C6F8841840F64400805940F00B0140F649
:10287000440081510FE040F61400805942F22B01D0
:10288000084340F614018851081F805940F00B019D
:102890004FF401608151D6F8000820F4FE60C6F8BC
:1028A0000008A17904F29C42206808F0F7FD206836
:1028B000406900F48050216800E000E04861206831
:1028C00009F0B9F900F40050B0F5005F17D12068A5
:1028D00008F092FB206809F05CF9E07100F066FBFB
:1028E0000090E2792068009909F02CFA204600F067
:1028F000EFF92068406900F40050216848612068C1
:1029000009F099F900F00800082808D1204600F0E5
:10291000FEF92068406900F00800216848612068DD
:1029200009F089F900F08000802818D1DBF8180040
:1029300020F08000CBF8180001250DE005EBC50163
:1029400004F5157000EB8100C078012803D1E9B2CD
:102950002046FFF7DAFB6D1C2079A842EED82068EC
:1029600009F069F900F48010B0F5801F2DD1012520
:1029700022E006F5106000EB4510D0F8009005EB62
:10298000C50104F1140000EB81000079012812D187
:1029900009F00040B0F1004F0DD1012105EBC50257
:1029A00004F1140000EB8200C170E8B240F0800135
:1029B0002046FFF7AAFB6D1C2079A842D9D82068D1
:1029C000406900F4801021684861206809F033F9FB
:1029D00000F40010B0F5001F44D1012538E006F5E1
:1029E000306000EB4510D0F8009005EBC50104F510
:1029F000157000EB81000079012828D109F0004012
:102A0000B0F1004F23D194F8D40400F00100C9F3D1
:102A1000004188421BD1012105EBC50204F5157068
:102A200000EB8200C170DBF8180040F08000CBF8AA
:102A30001800DBF8140000F0800040B940F60400F4
:102A4000805940F4007140F60400815103E06D1C90
:102A50002079A842C3D800BF2068406900F4001064
:102A600021684861206809F0E6F800F08040B0F184
:102A7000804F08D12046FFF71AFB2068406900F01C
:102A8000804021684861206809F0D5F800F0040012
:102A900004280FD12068D0F8049009F0040004281D
:102AA00002D12046FFF72AFB2068406840EA09006F
:102AB0002168486000BFA9E470B504460D46294668
:102AC000D4F8E00407F0ACFD70BD70B504460D46C7
:102AD0002946D4F8E00407F0C7FD70BDF8B50446F8
:102AE0000CB90120F8BD266894F8950428B9002097
:102AF00084F89404204600F0A1F8032084F895049B
:102B0000B6F1A04F01D10021A171206808F0BEFCF0
:102B1000207C8DF8000094E80F0008F081FA20B1C5
:102B2000022084F895040120DCE70021206809F0E8
:102B3000B7F820B1022084F895040120D2E70025DF
:102B400031E0012105EBC50204F1140000EB820025
:102B5000417005EBC50104F1140000F8215005EBAC
:102B6000C50100EB81004583002105EBC50204F19E
:102B7000140000EB8200017105EBC50204F11400A2
:102B800000EB8200816005EBC50204F1140000EB4C
:102B90008200C16005EBC50204F1140000EB820065
:102BA0000161681CC5B22079A842CADC00252AE070
:102BB000002105EBC50204F5157000EB82004170A1
:102BC00005EBC50104F5157000F82150002105EB57
:102BD000C50200EB8200017105EBC50204F515701A
:102BE00000EB8200816005EBC50204F5157000EB77
:102BF0008200C16005EBC50204F5157000EB820090
:102C00000161681CC5B22079A842D1DC207C8DF816
:102C1000000094E80F0008F045FB20B1022084F882
:102C2000950401205EE700206074012084F895047B
:102C3000206808F025FB002054E7000010B586B09E
:102C40000446142101A8FDF75AFC1E492068884259
:102C500036D100BF002000901B48006840F0020001
:102C6000194908600846006800F00200009000BFA3
:102C700000BF4FF4404001900220029000200390DA
:102C8000032004900C20059001A91048FEF7C8FF0E
:102C900000BF002000900C48006840F000500A4936
:102CA00008600846006800F00050009000BF00BFB8
:102CB000002205214D20FFF77BF94D20FFF764F935
:102CC00006B010BD0000044030380240000402404D
:102CD00070B504460125E07908B9002506E0E079E1
:102CE000022801D1012501E0FDF78EFF2946D4F825
:102CF000E00407F063FDD4F8E00407F009FD70BDBF
:102D000010B50446D4F8E00407F039FD10BD10B545
:102D10000446D4F8E00407F03DFD10BD70B504464C
:102D20000D4600BF94F89404012801D1022070BD23
:102D3000012084F8940400BF65742946206808F0D7
:102D4000E3FF00BF002084F8940400BF00BFEEE75B
:102D500010B5044604F29C41D4F8E00407F045FDA8
:102D600010BD70B50446256800BF94F8940401288E
:102D700001D1022070BD012084F8940400BFE868EE
:102D800000F0400030B1607B012803D1A86B40F413
:102D90008030A863206808F0A3FE206808F05EFA7F
:102DA00000BF002084F8940400BF00BFE2E70000E9
:102DB00010B50446D4F8E00407F074FD2068D0F89C
:102DC000000E40F001002168C1F8000EE07A28B141
:102DD0000348006840F006000149086010BD00008B
:102DE00010ED00E070B504460D460CB9012070BD31
:102DF0005848006800F00700A84209D255490D70F4
:102E00000846006800F00700A84201D00120EEE764
:102E1000207800F0020002281DD1207800F0040084
:102E2000042805D14C48006840F4E0504A49086045
:102E3000207800F00800082805D14748006840F4D1
:102E40006040454908604448006820F0F000A168EF
:102E5000084341490860207800F00100A8B3606889
:102E6000012807D13C4808380068C0F34040B8B991
:102E70000120BCE76068022802D06068032807D1FF
:102E8000354808380068C0F3406048B90120AEE713
:102E9000314808380068C0F3400008B90120A6E7AF
:102EA0002D48006820F00300616808432A49086043
:102EB000FEF7B6FF064609E0FEF7B2FF801B41F2BF
:102EC0008831884202D9032091E707E02248006850
:102ED00000F00C006168B0EB810FEDD11D48006877
:102EE00000F00700A84209D91A490D700846006889
:102EF00000F00700A84201D0012078E7207800F018
:102F00000400042807D11448006820F4E050E16868
:102F1000084311490860207800F00800082808D10B
:102F20000D48006820F46040216940EAC1000A4968
:102F3000086000F061F808490968C1F30311074A05
:102F4000515CC8400649086006480068FEF798FFD3
:102F500000204CE7003C024008380240AC08010861
:102F6000840000207C0000200F2202600D4A1268BD
:102F700002F0030242600B4A126802F0F002826023
:102F8000084A126802F4E052C260064A126802F46B
:102F90006042D2080261044A126802F007020A6025
:102FA0007047000008380240003C024001480068B9
:102FB000704700008400002000B5FFF7F7FF0449C8
:102FC0000968C1F38221034A515CC84000BD00007A
:102FD00008380240BC08010800B5FFF7E7FF0449C4
:102FE0000968C1F34231034A515CC84000BD00008A
:102FF00008380240BC0801082DE9F04700240025EC
:103000000026A1462548006800F00C0020B10428E5
:1030100005D008283AD105E0DFF8849039E0DFF8E0
:10302000849036E01D48001F006800F03F041B48F4
:10303000001F006800F4800078B11A481749091F82
:103040000968C1F38811A0FB0170014622460023E4
:103050003846FDF789F905460EE011480F49091F6A
:103060000968C1F38811A0FB0170014622460023C4
:103070003846FDF779F905460848001F0068C0F397
:103080000140401C4600B5FBF6F902E0DFF8109065
:1030900000BF00BF4846BDE8F08700000838024086
:1030A0000024F400001BB700F8B504460CB9012059
:1030B000F8BD207800F00100002874D0F9480068BD
:1030C00000F00C0004280DD0F648006800F00C0059
:1030D000082813D1F348001F006800F48000B0F501
:1030E000800F0BD1EF4808380068C0F3404000283B
:1030F00059D06068002856D10120D9E700BF606828
:10310000B0F5803F08D1E7480838006840F48030C7
:10311000E449083908601EE06068B0F5A02F0DD1C1
:10312000E0480838006840F48020DE49083908602B
:103130000846006840F4803008600CE0D948083840
:10314000006820F48030D7490839086008460068D4
:1031500020F48020086000BF606890B1FEF760FE38
:10316000054606E0FEF75CFE401B642801D90320FB
:103170009EE7CC4808380068C0F340400028F1D0F2
:1031800011E0FEF74DFE054606E0FEF749FE401B46
:10319000642801D903208BE7C24808380068C0F3CF
:1031A00040400028F1D1207800F0020002285FD1D1
:1031B000BC48006800F00C0058B1BA48006800F044
:1031C0000C0008281CD1B748001F006800F48000DC
:1031D000B0B9B44808380068C0F3400020B1E068D6
:1031E000012801D0012063E7AE480838006820F0CC
:1031F000F800216940EAC100AA490839086037E0AF
:10320000E06800B30120A8490860FEF709FE054602
:1032100006E0FEF705FE401B022801D9032047E720
:10322000A04808380068C0F340000028F1D09D484D
:103230000838006820F0F800216940EAC100994987
:103240000839086014E0002097490860FEF7E8FD9F
:10325000054606E0FEF7E4FD401B022801D90320E5
:1032600026E7904808380068C0F340000028F1D1F4
:10327000207800F0080008282CD16069A8B101204E
:103280008A490860FEF7CCFD054606E0FEF7C8FD5A
:10329000401B022801D903200AE782486C300068ED
:1032A000C0F340000028F1D014E000207F490860FE
:1032B000FEF7B6FD054606E0FEF7B2FD401B02280C
:1032C00001D90320F4E677486C300068C0F3400071
:1032D0000028F1D1207800F00400042870D10027E4
:1032E00070483830006800F0805090B900BF00206E
:1032F00000906C483830006840F08050694938319F
:1033000008600846006800F08050009000BF00BFD1
:1033100001276748006800F48070B0B9644800680D
:1033200040F4807062490860FEF77AFD054606E0C9
:10333000FEF776FD401B022801D90320B8E65C4861
:10334000006800F480700028F2D000BFA068012857
:1033500008D154486830006840F001005149683194
:1033600008601DE0A06805280DD14E48683000684F
:1033700040F004004B49683108600846006840F09E
:10338000010008600CE047486830006820F0010048
:103390004449683108600846006820F0040008606D
:1033A00000BFA068A8B1FEF73BFD054609E0FEF7A7
:1033B00037FD401B41F28831884202D9032077E66D
:1033C00026E0384868300068C0F340000028EED09E
:1033D00013E0FEF725FD054608E0FEF721FD401B42
:1033E00041F28831884201D9032061E62D486830D6
:1033F0000068C0F340000028EFD1012F07D1294811
:103400003830006820F0805026493831086000BF0D
:10341000A069002845D02348006800F00C00082867
:103420005DD0A069022845D100201F490866FEF73B
:10343000F7FC054606E0FEF7F3FC401B022801D925
:10344000032035E6174808380068C0F340600028BC
:10345000F1D1D4E907010843616A40EA81110122F0
:10346000A06AC2EB500041EA00412C20005D41EA15
:1034700000600C49091F086001200B490866FEF72F
:10348000CFFC054606E0FEF7CBFC401B022801D925
:1034900003200DE6034808380068C0F340600028A8
:1034A000F1D049E00838024000004742800E474210
:1034B00000700040002021490866FEF7B1FC054677
:1034C00006E0FEF7ADFC401B022801D90320EFE522
:1034D0001B480068C0F340600028F2D12CE0A069CE
:1034E000012800D1E4E51648001D0668A0690128FE
:1034F00020D006F48001E06981421BD106F03F0133
:10350000206A814216D147F6C0703040616AB0EB44
:10351000811F0FD106F440310122A06AC2EB500096
:10352000B1EB004F06D106F070612C20005DB1EBCD
:10353000006F01D00120BBE50020B9E50000474243
:103540000038024010B504460CB9012010BD606A75
:1035500038B96068B0F5827F00D105E00021E161F3
:1035600002E00021216161610021A16294F8510013
:1035700028B9002084F85000204600F047F80220C7
:1035800084F851002068006820F04000216808603D
:10359000A08800F48270218901F404410843A189C4
:1035A00001F400610843217C01F002010843217D00
:1035B00001F001010843218B01F400710843217FD0
:1035C00001F0380108432021095D01F08001084322
:1035D000218D01F400510843216808600421A0698D
:1035E00001EA104094F8241001F01001084321680A
:1035F00048602068C06920F400602168C86100202C
:103600006065012084F8510000209FE710B586B066
:103610000446142101A8FCF772FF2949206888425A
:103620004CD100BF002000902648006840F4805034
:10363000244908600846006800F48050009000BFEC
:1036400000BF00BF002000901E481438006840F002
:1036500002001C49143908600846006800F00200A6
:10366000009000BF00BF00BF002000900846006827
:1036700040F0010008600846006800F0010000907A
:1036800000BF00BF1820019002200290002003908C
:10369000032004900520059001A90B48FEF7C0FA0D
:1036A00080200190022002900020039003200490CB
:1036B0000520059001A90548FEF7B2FA06B010BD35
:1036C0000030014044380240000402400000024043
:1036D0002DE9FE4F04460F4690461D460C9E0120E4
:1036E0000190FEF79DFB814694F851B0606802900E
:1036F000AA46BBF1010F0BD00298B0F5827F04D12E
:10370000A06810B9BBF1040F02D00220BDE8FE8F03
:103710001FB1B8F1000F00D00DB90120F6E700BFCE
:1037200094F85000012801D10220EFE7012084F82D
:10373000500000BF94F85100042802D0052084F8FE
:10374000510000206065C4F83880E587A5872763AD
:10375000E586A586206460642068006800F040006B
:10376000402805D02068006840F0400021680860CB
:10377000E068B0F5006F52D1606810B1BAF1010F86
:1037800009D1206B00882168C860206B801C2063F1
:10379000E08E401EE0863BE02068806800F002007A
:1037A000022810D1E08E70B1019801280BD1206B56
:1037B00000882168C860206B801C2063E08E401E5A
:1037C000E086002001902068806800F0010068B168
:1037D000E08F58B12068C068A16B0880A06B801C86
:1037E000A063E08F401EE08701200190FEF718FBE8
:1037F000A0EB0900B0420BD3701C48B1012084F843
:10380000510000BF002084F8500000BF03207DE776
:10381000E08E0028C0D1E08F0028BDD152E0606862
:1038200010B1BAF1010F09D1206B0078216808733B
:10383000206B401C2063E08E401EE0863CE0206848
:10384000806800F00200022810D1E08E70B101986B
:1038500001280BD1206B007821680873206B401C75
:103860002063E08E401EE086002001902068806882
:1038700000F0010068B1E08F58B12068C068A16B0A
:103880000870A06B401CA063E08F401EE087012001
:103890000190FEF7C5FAA0EB0900B04201D3701CFD
:1038A00000B94EB9012084F8510000BF002084F80F
:1038B000500000BF032029E7E08E0028BFD1E08F31
:1038C0000028BCD14A463146204604F023FF40B1CF
:1038D0002020606500BF002084F8500000BF012058
:1038E00014E7A06850B900BF002000902068C068AD
:1038F000009020688068009000BF00BF012084F81D
:10390000510000BF002084F8500000BF606D08B176
:103910000120FBE60020F9E67047704710B503462A
:10392000002200BF93F83C00012801D1022010BD05
:10393000012083F83C0000BF22F0FF00CC6840EA81
:10394000040222F440708C6840EA040222F4806091
:103950004C6840EA040222F400600C6840EA040269
:1039600022F480500C6940EA040222F400504C69B1
:1039700040EA040222F48040CC6940EA040218685C
:10398000426400BF002083F83C0000BF00BFCEE7C8
:1039900030B502460B4600BF92F83C00012801D129
:1039A000022030BD012082F83C0000BF022082F8D6
:1039B0003D00106844681068816824F0700418683D
:1039C000044310684460184D1068A8421BD010686A
:1039D000B0F1804F17D0154D1068A84213D0144D88
:1039E0001068A8420FD0134D1068A8420BD0124D9A
:1039F0001068A84207D0114D1068A84203D0104D9E
:103A00001068A84205D121F0800158680143106870
:103A10008160012082F83D0000BF002082F83C0058
:103A200000BF00BFBDE700000000014000040040EF
:103A300000080040000C004000040140004001402C
:103A40000018004010B504460CB9012010BD94F8D0
:103A50003D0028B9002084F83C00204600F026F8FC
:103A6000022084F83D00211D206805F003F90120A3
:103A700084F8460000BF84F83E0001213F20015534
:103A8000402001554120015500BF00BF012084F8AE
:103A9000420043200155442001554520015500BFF7
:103AA000012084F83D000020D0E7000008B50A4A54
:103AB000016891420FD100BF0021009107490968B8
:103AC00041F40031054A11601146096801F40031E2
:103AD000009100BF00BF08BD0044014044380240CF
:103AE000014691F83D00012801D0012070470220D5
:103AF00081F83D000868C06840F001000B68D8609C
:103B00001A4B086898421BD00868B0F1804F17D054
:103B1000174B0868984213D0164B086898420FD08C
:103B2000154B086898420BD0144B0868984207D090
:103B3000134B0868984203D0124B086898420CD186
:103B40000868806800F00702062A0CD00868006840
:103B500040F001000B68186005E00868006840F05C
:103B600001000B6818600020C0E700000000014061
:103B70000004004000080040000C00400004014028
:103B80000040014000180040704770B504462068AE
:103B9000C5682068066906F00200022819D105F000
:103BA0000200022815D1401F2168086101202077FA
:103BB0002068806900F0030018B12046FFF7E4FF99
:103BC00005E0204600F04EF9204600F073FA002090
:103BD000207706F00400042819D105F00400042819
:103BE00015D1C043216808610220207720688069D0
:103BF00000F4407018B12046FFF7C6FF05E02046EC
:103C000000F030F9204600F055FA0020207706F049
:103C10000800082819D105F00800082815D1C0436C
:103C200021680861042020772068C06900F0030043
:103C300018B12046FFF7A8FF05E0204600F012F972
:103C4000204600F037FA0020207706F010001028F8
:103C500019D105F01000102815D1C0432168086162
:103C6000082020772068C06900F4407018B1204611
:103C7000FFF78AFF05E0204600F0F4F8204600F048
:103C800019FA0020207706F0010048B105F0010084
:103C900030B16FF0010021680861204600F092FA0F
:103CA00006F08000802809D105F08000802805D129
:103CB000C043216808612046FFF72EFE06F0400051
:103CC000402809D105F04000402805D1C0432168B3
:103CD0000861204600F082FA06F02000202809D171
:103CE00005F02000202805D1C04321680861204646
:103CF000FFF713FE70BD000010B586B00446142116
:103D000001A8FCF7FCFB3449206888421ED100BFA3
:103D1000002000903148006840F008002F490860FA
:103D20000846006800F00800009000BF00BF4FF494
:103D30008040019002200290002003900490022015
:103D4000059001A92648FDF76BFF42E02549206850
:103D500088421DD100BF002000902048006840F03C
:103D600004001E4908600846006800F00400009046
:103D700000BF00BF4020019002200290002003906D
:103D800004900320059001A91748FDF749FF20E0A2
:103D90001649206888421CD100BF002000900F48BF
:103DA000006840F002000D4908600846006800F015
:103DB0000200009000BF00BF881501900220029011
:103DC0000020039004900320059001A90848FDF706
:103DD00027FF06B010BD0000000800403038024048
:103DE000000C024000040140000802400044014071
:103DF000000402402DE9F04104460E461546002716
:103E000000BF94F83C00012802D10220BDE8F081F7
:103E1000012084F83C0000BF35B1042D09D0082DE5
:103E20000CD00C2D14D10EE03146206804F0A4FF14
:103E300010E03146206804F0D7FF0BE031462068DF
:103E400005F010F806E03146206805F047F801E07B
:103E5000012700BF00BF00BF002084F83C0000BF66
:103E60003846D3E7704710B504460CB9012010BDA1
:103E700094F83D0028B9002084F83C00204600F06A
:103E800025F8022084F83D00211D206804F0F2FE90
:103E9000012084F8460000BF84F83E0001213F2045
:103EA0000155402001554120015500BF00BF0120B0
:103EB00084F8420043200155442001554520015516
:103EC00000BF012084F83D000020D0E738B504464B
:103ED0000E492068884217D100BF002000900C488E
:103EE000006840F002000A4908600846006800F0D7
:103EF0000200009000BF00BF00220F212D20FEF71E
:103F000057F82D20FEF740F838BD000000040140AE
:103F1000443802402DE9F04104460D46164600277C
:103F200000BF94F83C00012802D10220BDE8F081D6
:103F3000012084F83C0000BF36B1042E1BD0082EAF
:103F400031D00C2E5ED145E02946206804F014FFE4
:103F50002068806940F008002168886120688069D5
:103F600020F004002168886120688069296908437D
:103F70002168886148E02946206804F035FF206800
:103F8000806940F40060216888612068806920F4BD
:103F900080602168886120688069296940EA012081
:103FA0002168886130E02946206804F05BFF2068C2
:103FB000C06940F008002168C8612068C06920F02D
:103FC00004002168C8612068C06929690843216824
:103FD000C86119E02946206804F080FF2068C069A4
:103FE00040F400602168C8612068C06920F48060E6
:103FF0002168C8612068C069296940EA01202168F8
:10400000C86101E0012700BF00BF00BF002084F8A5
:104010003C0000BF384689E710B504460CB90120C2
:1040200010BD94F83D0028B9002084F83C002046DB
:1040300000F026F8022084F83D00211D206804F0DD
:1040400019FE012084F8460000BF84F83E000121DB
:104050003F200155402001554120015500BF00BFC0
:10406000012084F842004320015544200155452099
:10407000015500BF012084F83D000020D0E700007A
:1040800008B50A4A016891420FD100BF0021009192
:104090000749096841F00401054A116011460968A1
:1040A00001F00401009100BF00BF08BD00080040FE
:1040B000403802407047000070B504460D4615B9FF
:1040C00094F83E000BE0042D02D13F20005D06E095
:1040D000082D02D14020005D01E04120005D012853
:1040E00001D0012070BD1DB9022084F83E000EE011
:1040F000042D03D102213F20015508E0082D03D1F2
:1041000002214020015502E00221412001550122F7
:104110002946206804F01EFE23492068884203D007
:1041200022492068884201D1012000E0002028B106
:104130002068406C40F40040216848641A492068B7
:1041400088421BD02068B0F1804F17D018492068F2
:10415000884213D01749206888420FD0164920683A
:1041600088420BD011492068884207D01349206843
:10417000884203D01249206888420CD120688068A8
:1041800000F00706062E0CD02068006840F0010001
:104190002168086005E02068006840F0010021689F
:1041A000086000209EE7000000000140000401407C
:1041B0000004004000080040000C004000400140A6
:1041C0000018004010B5044603492068884201D118
:1041D000FDF72CFE10BD0000002000407047F8B530
:1041E00004460D46164694F8420020282DD105B10C
:1041F0000EB90120F8BD0120206300206063324623
:104200002946204605F052F90746206B012819D1AE
:1042100000BF00200090206800680090206840687F
:10422000009000BF00BF00BF00BF21680C3151E803
:10423000001F41F0100021680C3141E80002002A03
:10424000F3D100E001273846D4E70220D2E700008E
:1042500070B504460D460C492068884213D12A46A1
:104260000A490B4800F0EAFA084804F00DFB642202
:1042700006490848FFF7B3FF08F052FF06480088D8
:10428000401C0549088070BD00480040DC6B0020E0
:10429000140B0020CC0A0020A405002010B5044611
:1042A0000949206888420DD100BF002084F84000F1
:1042B00000BF64210548FCF722F964220349044841
:1042C000FFF78DFF10BD000000480040DC6B0020B0
:1042D000CC0A00202DE9F84F0446206805682068C4
:1042E000C668206847694FF00009CA4605F00F0903
:1042F000B9F1000F0AD105F0200038B106F0200016
:1043000020B1204604F03DFFBDE8F88FB9F1000F61
:104310007CD007F0010018B906F49070002875D021
:1043200005F0010030B106F4807018B1606C40F007
:104330000100606405F0040030B107F0010018B11D
:10434000606C40F00200606405F0020030B107F0DC
:10435000010018B1606C40F00400606405F00800D2
:1043600048B106F0200010B907F0010018B1606CE8
:1043700040F008006064606C002846D005F0200022
:1043800028B106F0200010B1204604F0FAFE2068A3
:104390004069C0F3801A606C00F0080010B9BAF1EF
:1043A000000F2DD0204604F093FE2068406900F0F5
:1043B0004000402820D100BF00BF2168143151E8DF
:1043C000001F21F040002168143141E80002002A5A
:1043D000F3D100BFE06B50B17F48E16B0865E06B43
:1043E000FDF715FA88B1E06B016D88470DE02046B6
:1043F000FFF754FF09E009E02046FFF74FFF04E014
:104400002046FFF74BFF002060647DE7206B01280A
:1044100078D105F01000002874D006F010000028B4
:10442000FAD000BF0020009020680068009020684B
:104430004068009000BF00BF2068406900F0400065
:10444000402870D1E06B006840681FFA80F8B8F12E
:10445000000F58D0A08D404555DDA4F82E80E06BAC
:10446000C069B0F5807F43D000BF00BF21680C3128
:1044700051E8001F21F4807021680C3141E80002EE
:10448000002AF3D100BF00BF00BF2168143151E8FA
:10449000001F21F001002168143141E80002002AC8
:1044A000F3D100BF00BF00BF2168143151E8001FE5
:1044B00021F040002168143141E80002002AF3D1C4
:1044C00000BF202084F842000020206300BF00BF0E
:1044D00021680C3151E8001F21F0100021680C31D7
:1044E00041E80002002AF3D100BFE06BFDF739F983
:1044F00002206063A08DE28D801A81B22046FFF712
:10450000A7FE0EE052E0A08D40450AD1E06BC069E5
:10451000B0F5807F05D102206063A18D2046FFF7B2
:1045200097FEF1E6FFE7A08DE18D401A1FFA80F8B3
:10453000E08DD0B3B8F1000F37D000BF00BF2168C5
:104540000C3151E8001F21F4907021680C3141E8D2
:104550000002002AF3D100BF00BF00BF2168143160
:1045600051E8001F21F001002168143141E80002E8
:10457000002AF3D100BF202084F8420000202063ED
:1045800000BF00BF21680C3151E8001F21F010006E
:1045900021680C3141E80002002AF3D100BF02205B
:1045A000606341462046FFF753FEADE605F080000C
:1045B00030B106F0800018B1204604F0E3FFA3E616
:1045C00005F0400030B106F0400018B1204604F07C
:1045D000B5FD99E600BF97E6318F000810B5044697
:1045E0000CB9012010BDA06900B100E000BF94F833
:1045F000410028B9002084F84000204600F02AF845
:10460000242084F841002068C06820F4005021680C
:10461000C860204604F034FE2068006920F4904011
:10462000216808612068406920F02A0021684861FB
:104630002068C06840F400502168C86000206064B1
:10464000202084F8410084F842000020606300BF0D
:10465000C8E7000010B586B00446142101A8FBF796
:104660004EFF6B492068884256D100BF0020009061
:104670006848006840F48020664908600846006881
:1046800000F48020009000BF00BF00BF0020009019
:1046900060481038006840F004005E491039086036
:1046A0000846006800F00400009000BF00BF4FF40F
:1046B00040600190022002900020039003200490AB
:1046C0000720059001A95448FDF7AAFA5348544918
:1046D00008604FF000604860002151488160C1606F
:1046E0004FF480610161002141618161C16101621A
:1046F0004162FDF7C1F908B1FCF786FA00BF4848EE
:10470000E063846300BF002205212720FDF750FCF1
:104710002720FDF739FC79E042492068884275D1AD
:1047200000BF002000903B48001D006840F02000C2
:104730003849091D08600846006800F02000009014
:1047400000BF00BF00BF0020009032481038006852
:1047500040F040002F49103908600846006800F01A
:104760004000009000BF00BF4FF484400190022041
:10477000029000200390032004900820059001A9D6
:104780002948FDF74DFA2948294908608005486005
:10479000002127488160C1604FF4806101610021E0
:1047A00041618161C16101624162FDF765F908B152
:1047B000FCF72AFA00BF1E48E063846300BF1B4871
:1047C00078301C4908604FF020604860402119484B
:1047D00081600021C1604FF480610161002141616D
:1047E0008161C16101624162FDF746F908B1FCF7E0
:1047F0000BFA00BF0F48A063846300BF00220521AD
:104800004720FDF7D5FB4720FDF7BEFB06B010BDE6
:104810000048004040380240000802402860024042
:104820005C0B002000140140001802402864024084
:10483000BC0B00201C0C002070477047F7B50446E5
:10484000154694F8410020283ED1019800B10DB9D9
:104850000120FEBD01982062A584E58400206064EB
:10486000212084F841001948A16BC8631848A16B46
:1048700008641848A16BC8640020A16B086501AEEC
:1048800023681A1D31682B46A06BFDF76BF930B118
:1048900010206064202084F841000120D9E76FF0E7
:1048A00040002168086000BF00BF2168143151E852
:1048B000001F41F080002168143141E80002002A05
:1048C000F3D100BF0020C4E70220C2E76B900008CC
:1048D000C3900008438F00087047704710B52948FF
:1048E000008829490988884203D001202749087097
:1048F00020E000202549087025480078012801D1D2
:104900002449087001212448FCF7D6F802212248E6
:10491000FCF7D2F803212048FCF7CEF801211F480C
:10492000FCF7CAF802211D48FCF7C6F803211B4812
:10493000FCF7C2F81348008813490880184890F81B
:104940002000E8B9002011490870012011490870C1
:1049500001211148FCF7B0F802210F48FCF7ACF830
:1049600003210D48FCF7A8F801210C48FCF7A4F836
:1049700002210A48FCF7A0F803210848FCF79CF83C
:1049800010BD0000A4050020A6050020A8050020F9
:10499000820300208F0300204C09002074090020AE
:1049A000A06C002070B5044600202074A37B484D05
:1049B0002D8803FB05F26168D4F8F400FBF74BFD8A
:1049C000A27B434B1B8802FB03F16068FBF797FD5A
:1049D000A27B3F4B1B885A43A37B02FB03F1D4F815
:1049E0001801FBF78CFD227B394B1B885A43A37BB4
:1049F00002FB03F1D4F80C01FBF781FD002031E04C
:104A0000D4F8F41001EB800191ED000AB5EEC00A74
:104A1000F1EE10FA24D0D4F8F41001EB800191EDFE
:104A2000000A227CD4F8F41001EB820181ED000A27
:104A3000227C616A8854A16901EB800191ED000A32
:104A40006169095C227B237C12FB0311491ED4F8A7
:104A50000C2102EB810181ED000A217C491C2174AB
:104A6000411CC8B2A17B8142CADC002011E0626A0D
:104A7000125CE16901EB820191ED000A227C00FBEE
:104A80000202D4F8181101EB820181ED000A411CE9
:104A9000C8B2217C8142EADC207CA4F87800217B2A
:104AA0007A200153207BA4F88000217C82200153CE
:104AB000207CA4F89000217C92200153207BA4F854
:104AC0009800217C9A200153207CA4F8480070BDF6
:104AD0004404002000BFFEE710B586B0044654F839
:104AE000EC0F90ED000A8DED050A206890ED010AAB
:104AF0008DED040A206890ED020A8DED030A54F84A
:104B0000EC0990ED030A8DED020ADDED050A9DED3D
:104B1000051A60EE810A9DED041ADDED041A41EEDE
:104B2000210A9DED031ADDED031A41EE210A9DEDE8
:104B3000021ADDED021A41EE210AB0EE600A08F019
:104B4000A1FD8DED010A002011E0D4F8EC1001EB7D
:104B5000800191ED000ADDED010A20EE200AD4F873
:104B6000EC1001EB800181ED000A411CC8B2042861
:104B7000EBDB594890ED6F0ADDED040A20EE200AC8
:104B8000F0EE000A80EE201AF834A06880ED041AD6
:104B9000514890ED6F0ADDED030A20EE200AF0EE99
:104BA000000A80EE201AA06880ED051A4A4890EDB0
:104BB0006F0ADDED050AF1EE600A20EE200AF0EE44
:104BC000000A80EE201AA06880ED0A1A424890ED93
:104BD0006F0ADDED020A20EE200AF0EE000A80EEF8
:104BE000201AA06880ED0B1A3B4890ED6F0ADDEDAE
:104BF000020AF1EE600A20EE200AF0EE000A80EED2
:104C0000201AA06880ED101A334890ED6F0ADDED90
:104C1000050AF1EE600A20EE200AF0EE000A80EEAE
:104C2000201AA06880ED111A2B4890ED6F0ADDED77
:104C3000030A20EE200AF0EE000A80EE201AA06897
:104C400080ED161A244890ED6F0ADDED040AF1EEAE
:104C5000600A20EE200AF0EE000A80EE201AA0681A
:104C600080ED171A206890ED1C0A1B48D0ED740ADD
:104C700080EE201A206880ED1C1A206890ED230A2F
:104C80001548D0ED740A80EE201A206880ED231AB2
:104C900054F8F80990ED1C0ADFED100AB4EEE00AB2
:104CA000F1EE10FA05DD9FED0D0AD4F8F80080ED65
:104CB0001C0AD4F8F80090ED230ADFED080AB4EEE0
:104CC000E00AF1EE10FA05DD9FED040AD4F8F800D1
:104CD00080ED230A06B010BD0069002000401C468C
:104CE00010B52DED068BF0EE408AB0EE609AF0EE36
:104CF000419AB0EE618AB0EE42AAF0EE62AA0120BB
:104D00003B4908700846C0ED6C8A80ED6D9AC0ED95
:104D10006E9A9FED380A80ED730A002081F8380101
:104D20000021334AC2F84011C2F84411C2F84801C8
:104D3000C2F84C01104680ED6FAAB7EE000AB4EE3F
:104D4000C08AF1EE10FA03DDB7EE000AB0EE408A39
:104D5000274880ED748A032300220621001D00F0FD
:104D6000F7FF254B01221146A3F1080007F01DFEB5
:104D7000B7EE000A1E48D0F8EC0080ED000A9FED67
:104D80001F0A1B48D0F8EC0080ED010A9FED1B0ABA
:104D90001748D0F8EC0080ED020A9FED180A14487D
:104DA000D0F8EC0080ED030A15491148C0F8D01086
:104DB0001449C0F8D4101449C0F8D8101349C0F8E9
:104DC000DC10012180F82E1080F82F10014690226F
:104DD000D1F804010E49FBF73EFB05499022D1F8BA
:104DE000FC000C49FBF737FBBDEC068B10BD000047
:104DF0000069002077CC2B32C86A00200000000038
:104E0000194E0008D94A00084D4E00081D550008EB
:104E1000C40801084804002010B5044654F8F81FDF
:104E200090220748FBF717FB48220648616AFBF708
:104E300012FB6169F83C48220348FBF70CFB10BDEC
:104E400048040020E06A0020286B00201FB50446BB
:104E500054F8EC0F90ED000AF0EE000A20EE200A64
:104E60008DED030A206890ED010AF0EE000A20EEB5
:104E7000200A8DED020A206890ED020AF0EE000A89
:104E800020EE200A8DED010A206890ED030AF0EE75
:104E9000000A20EE200A8DED000A14F8DE2C284BC3
:104EA0001B885A4314F8E03C02FB03F1206AFBF72D
:104EB00026FB9DED010AB1EE400A206A80ED000A52
:104EC0009DED000A206A80ED010A9DED030AB1EE16
:104ED000400A206A80ED020A9DED020A206A80EDF8
:104EE000030A9DED020A206A80ED060A9DED030A81
:104EF000206A80ED070A9DED000A206A80ED080A0D
:104F00009DED010A206A80ED090A9DED030A206AE1
:104F100080ED0C0A9DED020AB1EE400A206A80ED98
:104F20000D0A9DED010AB1EE400A206A80ED0E0ADD
:104F30009DED000A206AEC3C80ED0F0A1FBD0000C9
:104F40004404002000B52DED068B85B0F0EE409AAC
:104F5000B0EE60AAF0EE41AAB0EE618AF0EE428AAD
:104F6000B0EE629AFE4890ED580A39EEC00A80ED24
:104F70005B0A90ED590A3AEE400A80ED5C0A90ED2A
:104F80005A0A3AEEC00A80ED5D0A90ED5B0AF6EE31
:104F9000000A20EE200AD0ED6F0A20EE200A8DEDE7
:104FA000040A90ED5C0AF6EE000A20EE200AD0ED2D
:104FB0006F0A20EE200A8DED030A90ED5D0AF6EEF1
:104FC000000A20EE200AD0ED6F0A20EE200A8DEDB7
:104FD000020A01469022D1F80401E249FBF73BFAAC
:104FE0009DED040AB1EE400ADD48D0F8040180EDE1
:104FF000010A9DED030AB1EE400AD948D0F8040138
:1050000080ED020A9DED020AB1EE400AD448D0F8C4
:10501000040180ED030A9DED040AD148D0F8040193
:1050200080ED060A9DED020ACD48D0F8040180ED1E
:10503000080A9DED030AB1EE400AC948D0F8040100
:1050400080ED090A9DED030AC548D0F8040180ED02
:105050000C0A9DED020AB1EE400AC148D0F80401E5
:1050600080ED0D0A9DED040ABD48D0F8040180EDE5
:105070000F0A9DED020ABA48D0F8040180ED120A29
:105080009DED030AB648D0F8040180ED130A9DEDAA
:10509000040AB1EE400AB248D0F8040180ED140AC7
:1050A000AF48D0F84811D0F84C010023594058407F
:1050B000014312D1AA4880ED5E8AC0ED5F8A80ED7F
:1050C000609AD0F84821D0F84C01521C40F1000001
:1050D000A349C1F84821C1F84C01A14890ED5E0AEE
:1050E000D0ED640A60EE200A90ED6F0A90ED641A2C
:1050F00030EE011A80EE810AD0ED6F0A90ED641A4D
:1051000070EE810A90ED6F1A21EE081AC1EE201A96
:1051100030EE210A80ED5E0A90ED5F0AD0ED640A60
:1051200060EE200A90ED6F0A90ED641A30EE011ADD
:1051300080EE810AD0ED6F0A90ED641A70EE810A5C
:1051400090ED6F1A21EE281AC1EE201A30EE210AD6
:1051500080ED5F0A90ED600AD0ED640A20EE200A2F
:10516000D0ED6F0A90ED641A30EE811AC0EE010A9C
:1051700090ED6F0A90ED641A30EE010A90ED6F1A0F
:1051800021EE091AC1EE001A30EEA10A80ED600A84
:10519000D0ED5E0A60EEA00A90ED5F1AD0ED5F1AC6
:1051A00041EE210A90ED601AD0ED601A41EE210A1D
:1051B000B0EE600A07F0BCF9694880ED660A90ED30
:1051C000660AF7EE000A80EE801A8DED011A90ED66
:1051D0005E0ADDED010A20EE200A806880ED000AFB
:1051E0005F4890ED5F0ADDED010A20EE200A80683D
:1051F00080ED010A5A4890ED600ADDED010A20EECB
:10520000200A806880ED020A5548D0ED5B0A60EE06
:10521000A00A90ED5C1AD0ED5C1A41EE210A90EDE7
:105220005D1AD0ED5D1A41EE210AB0EE600A07F07A
:105230007FF94B4880ED650A90ED650ADFED4A0A7B
:10524000B4EEE00AF1EE10FA16D290ED660ADFED48
:10525000470AB4EEE00AF1EE10FA0DDD90ED660AB1
:10526000DFED430AB4EEE00AF1EE10FA04D20120B9
:105270003B4981F8390103E00020394981F83901BF
:10528000374890ED6C0AD0ED6F0A20EE200AD0F876
:10529000180180ED000A324890ED6C0AD0ED6F0ADB
:1052A00020EE200AD0F8180180ED070A2C4890ED76
:1052B0006C0AD0ED6F0A20EE200AD0F8180180EDBC
:1052C0000E0A274890ED6C0AD0ED6F0A20EE200AF6
:1052D000D0F8180180ED150A214890ED6D0AD0ED47
:1052E0006F0A20EE200AD0F8180180ED1C0A1C4835
:1052F00090ED6D0AD0ED6F0A20EE200AD0F818016B
:1053000080ED230A164890ED6E0AD0F81C0180ED5E
:10531000000A134890ED6E0AD0F81C0180ED040AD3
:105320000F4890ED6E0AD0F81C0180ED080A0C4879
:10533000001D01F0D7F90A48406890ED000A0848BE
:1053400080ED540A406890ED010A054880ED550A49
:10535000406890ED020A024880ED560A406809E074
:1053600000690020C40801089A99993ECDCC1441E7
:10537000CDCC244190ED030A624880ED570AD0ED70
:10538000551A90ED552AB6EE001A01EEC21AD0ED6C
:10539000561A90ED562A01EEC21AF0EE410A90ED2F
:1053A000541AD0ED551A21EE211AD0ED561A90ED6F
:1053B000572A01EE821AB0EE410A00F5D07007F0CC
:1053C00095F9504890ED680ADFED4F0A20EE200A6B
:1053D00080ED680AD0ED550A90ED571A60EE810A0B
:1053E00090ED541AD0ED561A41EE610AB8EE001A4B
:1053F00060EE810AB0EE600A06F06CFDDFED420A55
:1054000020EE200A3F4880ED690AD0ED561A90ED53
:10541000562AB6EE001A01EEC21AD0ED571A90EDD8
:10542000572A01EEC21AF0EE410A90ED551AD0ED5E
:10543000561A21EE211AD0ED541A90ED572A01EE9A
:10544000821AB0EE410A00F5D47007F04FF92D48EA
:1054500090ED6A0ADFED2C0A20EE200A80ED6A0A40
:10546000406890ED040A274880ED580A406890EDA6
:10547000050A244880ED590A9FED240A80ED5A0A56
:1054800090ED6A0AD0ED760A30EE600ADFED200A70
:10549000B4EEE00AF1EE10FA07DDB0F8D401401ED8
:1054A00000B21849A1F8D40114E0164890ED6A0A38
:1054B000D0ED760A30EE600ADFED160AB4EEE00AAF
:1054C000F1EE10FA06D2B0F8D401401C00B20D493A
:1054D000A1F8D4010B4890ED6A0AB0F9D40100EEAE
:1054E000900AF8EEE00A9FED0C1A01EE200A05483A
:1054F00080ED6B0A90ED6A0A80ED760A05B0BDEC8E
:10550000068B00BD00690020E12E6542000000000E
:1055100000003443000034C30000B44330B52DED27
:10552000028B85B0044604F1800104F1780007F095
:10553000EAFB84F8C800B4F87800A4F8A8005A2060
:10554000015BAA20015304F1A80204F1580104F1FF
:10555000780007F08BFB84F8C800B4F8A800A4F822
:10556000B0008220015BB220015304F1B00204F1CB
:10557000800104F1A80007F079FB84F8C800B4F8B2
:105580009000A4F8A0009220015BA220015304F136
:10559000A00204F1900104F1B00007F0F1F984F8E1
:1055A000C80004F1B00104F1A00007F003FAAC3424
:1055B0002077206C90ED000A8DED040A206C90EDB0
:1055C000010A8DED030A206C90ED020A8DED020AAE
:1055D000206C90ED030A8DED010A34F8340CA081A3
:1055E000AC3C0121BA2001539DED030ADDED010A17
:1055F00020EE200ADDED040A9DED021A00EEC10A3C
:10560000F0EE000A20EE200AD4F82C0180ED000A0A
:105610009DED040ADDED030A20EE200ADDED020A0D
:105620009DED011A00EE810AF0EE000A20EE200A3C
:10563000D4F82C0180ED010A9DED040ADDED040A89
:1056400020EE200ADDED030A9DED031A00EEC10AEB
:10565000DDED020A9DED021A00EEC10ADDED010A40
:105660009DED011A00EE810AD4F82C0180ED020AAA
:10567000002512E0D4F82C0100EB850090ED000A23
:10568000B0EEC00AB0EE408A07F038F9D14800EB1E
:10569000850080ED000A681CC5B2032DEADBB4F872
:1056A0004800A4F8C0000121C220015304F1C00247
:1056B00004F1B80104F1480007F010FB84F8C800B9
:1056C000B4F8C000A4F8A8000121AA20015304F1F5
:1056D000A80204F1C00104F1B00007F0C7FAB83421
:1056E0002074012020802189B83CBA20015304F1A4
:1056F000B80104F1C00007F006FB84F8C800B54A01
:105700003C3204F1A80104F1B80007F0AFFA84F8C4
:10571000C800B14890ED720AD0ED730AB6EE001AD7
:1057200060EE810AB4EEE00AF1EE10FA03D2012035
:10573000A94981F83801A84890ED720AD0ED730AA2
:10574000B4EEE00AF1EE10FA46DD90F838010028D8
:1057500042D0A14890F8390168B19F48D0F8402163
:10576000D0F84401521C40F100009B49C1F840218F
:10577000C1F8440105E00021974AC2F84011C2F87F
:105780004411954800F5A0700CC80020D2F13201F8
:10579000984106D20020904981F8380184F82C0005
:1057A0004BE0237B8D4D2D8803FB05F2D4E93A01B4
:1057B000FAF751FE237B894D2D886B43257B03FB34
:1057C00005F2D4E93E01FAF746FE012084F82C00E8
:1057D00005B0BDEC028B30BD7F4890ED720AD0ED74
:1057E000730A9FED7F1A60EE810AB4EEE00AF1EED3
:1057F00010FA14DD90F8380188B1774890ED730AFB
:10580000D0ED720A30EE600AD0ED730A9FED751A82
:1058100060EE810A80EE201A80ED671A04E0B7EE90
:10582000000A6D4880ED670A00216B4AC2F84011FA
:10583000C2F84411002084F82C00B4F85800A4F8F1
:10584000A8008220015BAA20015304F1A80204F100
:10585000800104F1580007F009FA84F8C80004F147
:10586000980204F1B00104F1A80007F0FFF984F8F0
:10587000C800002012E0D4F81C1101EB800191ED6A
:10588000000A5549D1ED670A20EE200AD4F81C1110
:1058900001EB800181ED000A411CC8B2B4F89810F8
:1058A0009A22125B51438142E5DC042025E000216D
:1058B0001FE0021F474B03EB8202D2ED000A9FED6F
:1058C0004A1A80EE810A00EB40030B44D4F81C21F5
:1058D00002EB8302D2ED000A20EE200A00EB400327
:1058E0000B44D4F81C2102EB830282ED000A4A1C0F
:1058F000D1B20329DDDB411CC8B20628D7DBB4F8DE
:105900009800A4F8B8000121BA20015304F1B802AC
:1059100004F1C00104F1980007F0A8F984F8C80068
:105920002D4890F83801E0B304203FE0BC2109592C
:1059300001EB800191ED000A2749D1ED6F0A9FED3F
:105940002B1A60EE810AB4EEE00AF1EE10FA0BDDDC
:1059500091ED6F0ADFED250A20EE200ABC210959DE
:1059600001EB800181ED000ABC21095901EB8001A6
:1059700091ED000A1849D1ED6F0A9FED1D1A60EEF6
:10598000810AB4EEE00AF1EE10FA0DD291ED6F0A41
:10599000DFED170A20EE200ABC21095901EB800136
:1059A00000E005E081ED000A411CC8B20628BDDB1D
:1059B0009FED100ABC20005980ED030A04F130026B
:1059C00004F1B80104F1380006F0DAFF84F8C800E9
:1059D00000BFFDE6846A0020006900204404002026
:1059E000CDCCCC3D6666663FDA0FC93F0AD7233C73
:1059F0000AD723BC0000000010B51148D0ED000A02
:105A0000104890ED000A104802F058FD0E4890ED45
:105A1000080ABCEEC00A0D4880ED000A0A4890ED65
:105A2000080AB5EEC00AF1EE10FA02D200200749CA
:105A300008600648006806490968086410BD00004F
:105A4000E8040020E4040020706B00200005002022
:105A5000840A002000F008F800BF00F027F80120B9
:105A600008F02AFFF9E7000010B5DFED0C2A9FEDE2
:105A70000C2AF7EE001A9FED0B1ADFED090AB2EEC1
:105A8000040AFFF72DF99FED080A01F0CDFF00BFD2
:105A9000FAF705FE0028FBD110BD00000000000051
:105AA0006F12833A8096184B00007A4410B500BFFD
:105AB000874A88498848FAF701FE88480078C8B9BB
:105AC00086480078401C854908708248D0ED021A4B
:105AD000B0EE611AD0ED011AF0EE610AD0ED001AB5
:105AE000B0EE610ADFED7E2A9FED7D2ADFED7C1AA4
:105AF00001F082FC7B48007802287ED1764890ED48
:105B0000000A7948D0ED000A30EE600A724880ED54
:105B1000000A90ED010A7448D0ED010A30EE600AE7
:105B20006D4880ED010A90ED020A6F48D0ED020A3F
:105B300030EE600A684880ED020A90ED020AB0EE8D
:105B4000C00ADFED6A0AB4EEE00AF1EE10FA03D201
:105B50009FED630A80ED020A5E4890ED023AF0EE96
:105B6000432A90ED013AB0EE432A90ED003AF0EE70
:105B7000431A594890ED023AB0EE431A90ED013ABB
:105B8000F0EE430A90ED003AB0EE430AFFF7DAF97F
:105B9000504890ED023AF0EE432A90ED013AB0EE13
:105BA000432A90ED003AF0EE431A4B4890ED023A4A
:105BB000B0EE431A90ED013AF0EE430A90ED003A50
:105BC000B0EE430A9FED464ADFED453A9FED443A79
:105BD00002F032F801F072FFFBF71AF8444880ED4A
:105BE000000AFBF71BF8434880ED000AFBF736F884
:105BF000414880ED000A49E0FFE73A480078012873
:105C000044D1394890ED000A3348D0ED000A30EE17
:105C1000200A354880ED000A90ED010A2E48D0EDAB
:105C2000010A30EE200A304880ED010A90ED020AA8
:105C30002948D0ED020A30EE200A2B4880ED020AF6
:105C40002E480068401C2D49086008460068B0F5E1
:105C50007A7F1BD3244890ED000ADFED290A80EEFD
:105C6000201A80ED001A90ED010ADFED250A80EE82
:105C7000201A80ED011A90ED020ADFED210A80EE74
:105C8000201A80ED021A0220164908701D4800688B
:105C90000A21B0FBF1F201FB120070B9FFF7ACFE74
:105CA00019480068401C1849086008460068B0F5AB
:105CB000967F02D901200B49087012480068401CE9
:105CC0001049086011480068401C1049086010BD68
:105CD000E4040020C46B0020B86B002008050020FD
:105CE00000000000F8040020D06B0020A69B443B7D
:105CF000F0040020EC040020F4040020FC04002048
:105D000000007A441005002014050020040500203E
:105D100030B50B46002100BF16E00A24B4EB107F1B
:105D200005D9302404EB107403F8114005E0412438
:105D300004EB10740A3C03F81140000100254C00EC
:105D4000641C1D554C1CE1B29142E6DB30BD0000E5
:105D50000FB583B00420FE4908800820FD49088063
:105D6000DDE90310087303990598487303990698B1
:105D700088730021039801740698029009F0B2FF1D
:105D8000039948610698029003984069019002992E
:105D9000FAF793FBEE48008806994843029009F011
:105DA000A1FF03998861EA48008806994843029058
:105DB0000398806901900299FAF7A1FBE4480088F2
:105DC00006994843029009F08DFF0399C861E048A5
:105DD00000880699484302900398C069019002998F
:105DE000FAF78DFBDA48008804994843029009F0DD
:105DF00079FF03990862D6480088049948430290C5
:105E00000398006A01900299FAF779FB06980290CC
:105E100009F068FF03994862069802900398406A67
:105E200001900299FAF749FBC94800880499484350
:105E3000029009F057FF03990860C548008804994B
:105E4000484302900398006801900299FAF757FBC3
:105E5000BF48008806994843029009F043FF039920
:105E60004860BB4800880699484302900398406800
:105E700001900299FAF743FBB54800880599484319
:105E8000029009F02FFF03998860B14800880599B6
:105E9000484302900398806801900299FAF72FFB1B
:105EA000AB48008804994843029009F01BFF03990E
:105EB000C1F8E800A6480088049948430290039876
:105EC000D0F8E80001900299FAF719FB0398D0F88E
:105ED000E80002900398007B019001220146DDE971
:105EE0000230303006F061FD99480088049948433B
:105EF000029009F0F7FE0399C1F8EC00944800887D
:105F00000499484302900398D0F8EC00019002995C
:105F1000FAF7F5FA0398D0F8EC0002900398007BAA
:105F2000019001220146DDE90230383006F03DFDE6
:105F3000059818B38648008805994843029009F0EF
:105F4000D1FE0399C1F8F0008148008805994843C3
:105F500002900398D0F8F00001900299FAF7CFFA76
:105F60000398D0F8F00002900398407B0190012242
:105F70000146DDE90230403006F017FD7448008824
:105F800006994843029009F0ADFE0399C1F8F40068
:105F90006F4800880699484302900398D0F8F400AF
:105FA00001900299FAF7ABFA0398D0F8F400029046
:105FB0000398807B019001220146DDE902304830E0
:105FC00006F0F3FC62480088049948434843029075
:105FD00009F088FE0399C1F8F8005D48008804992B
:105FE0004843484302900398D0F8F8000190029982
:105FF000FAF785FA0398D0F8F80002900398007B2E
:1060000001900398007B00900146DDE9023050309A
:10601000019A06F0CAFC4E48008804994843484358
:10602000029009F05FFE0399C1F8FC00484800881F
:1060300004994843484302900398D0F8FC0001902B
:106040000299FAF75CFA0398D0F8FC0002900398E2
:10605000007B01900398007B00900146DDE902304F
:106060005830019A06F0A1FC394800880499484349
:106070004843029009F036FE0399C1F80001344804
:106080000088049948434843029009F02BFE039985
:10609000C1F804012E4800880499484348430290FF
:1060A0000398D0F8000101900299FAF728FA2848DD
:1060B000008804994843484302900398D0F80401AB
:1060C00001900299FAF71BFA0398D0F800010290A8
:1060D0000398007B01900398007B00900146DDE966
:1060E00002306030019A06F060FC0398D0F8040199
:1060F00002900398007B01900398007B009001467A
:10610000DDE902306830019A06F04FFC059878B35B
:106110000F4800880499484305994843029009F0C4
:10612000E1FD0399C1F80801094800880499484332
:106130000599484302900398D0F80801019002990C
:10614000FAF7DDF90398D0F808010290039803E00C
:106150004404002046040020407B01900398007B0B
:1061600000900146DDE902307030019A06F01DFC16
:10617000DE4800880699484304994843029009F094
:10618000B1FD0399C1F80C01D8480088049948432F
:1061900006994843029009F0A5FD0399C1F8100142
:1061A000D2480088069948430499484302900398CE
:1061B000D0F80C0101900299FAF7A1F9CB480088B8
:1061C000049948430699484302900398D0F8100177
:1061D00001900299FAF793F90398D0F80C01029014
:1061E0000398007B01900398807B00900146DDE9D5
:1061F00002307830019A06F0D8FB0398D0F81001ED
:1062000002900398807B01900398007B00900146E8
:10621000DDE902308030019A06F0C7FBB348008800
:10622000049948434843029009F05CFD0399C1F882
:106230001401AE48008804994843484302900398EB
:10624000D0F8140101900299FAF759F90398D0F89F
:10625000140102900398007B01900398007B00904A
:106260000146DDE902308830019A06F09EFB9F4826
:106270000088069948434843029009F033FD03998A
:10628000C1F818019948008806994843484302908C
:106290000398D0F8180101900299FAF730F90398A1
:1062A000D0F8180102900398807B01900398807BBE
:1062B00000900146DDE902309030019A06F075FB4E
:1062C0008A4800880499484306994843029009F097
:1062D00009FD0399C1F81C018448008804994843CA
:1062E0000699484302900398D0F81C010190029946
:1062F000FAF705F90398D0F81C0102900398807B07
:1063000001900398007B00900146DDE9023098304F
:10631000019A06F04AFB0398007B744909884843B8
:106320000399097B4843029009F0DCFC0399C1F80A
:1063300020010398007B6D49098848430399097B34
:10634000484302900398D0F8200101900299FAF78F
:10635000D6F80398007B6549098848430399097B6F
:106360004843029009F0BEFC0399C1F82401039848
:10637000007B5E49098848430399097B48430290A2
:106380000398D0F8240101900299FAF7B8F803981D
:10639000007B5649098848430399097B484302908A
:1063A00009F0A0FC0399C1F828010398007B4F492C
:1063B000098848430399097B484302900398D0F821
:1063C000280101900299FAF79AF80398007B47494F
:1063D00009884843029009F085FC0399C1F82C0113
:1063E0000398007B41490988484302900398D0F8FC
:1063F0002C0101900299FAF782F80398007B3B493F
:1064000009884843029009F06DFC0399C1F83001F6
:106410000398007B35490988484302900398D0F8D7
:106420002C0101900299FAF76AF80398D0F820013C
:1064300002900398007B01900398007B0090014636
:10644000DDE90230A030019A06F0AFFA0398D0F8E7
:10645000240102900398007B01900398007B009038
:106460000146DDE90230A830019A06F09EFA039851
:10647000D0F8280102900398007B01900398007BDC
:1064800000900146DDE90230B030019A06F08DFA45
:106490000398D0F82C0102900398007B0190012210
:1064A0000146DDE90230B83006F07FFA0398D0F8F3
:1064B000300102900398007B019001220146DDE942
:1064C0000230C03006F071FA0021039880F82810DD
:1064D000039880F82910039880F82A10039880F810
:1064E0002B10039880F82C1007B000BD4404002046
:1064F00070B50446E07B18B12046FEF753FA11E070
:10650000A37B0E4D2D8803FB05F26168D4F8F400DF
:10651000F9F7A1FFA27B094B1B8802FB03F160681E
:10652000F9F7EDFF637B054D2D8803FB05F2A168AC
:10653000D4F8F000F9F78FFF70BD0000440400208C
:1065400010B5044694F82C0068BBB4F89800A4F881
:10655000A8007A20015BAA200153B4F8A800A4F88F
:10656000B0005A20015BB220015304F1A80204F1EB
:10657000780104F1980006F079FB84F8C80004F172
:10658000B00204F1580104F1A80006F06FFB84F892
:10659000C80004F1500204F1B00104F1580006F003
:1065A0009DFB84F8C80010BD10B5044694F829007E
:1065B00068BB04F1680104F1600006F0A4FB84F8F4
:1065C000C80004F1580204F1500104F1600006F023
:1065D0004DFB84F8C800B4F85800A4F8A8006A205D
:1065E000015BAA20015304F1A80204F1680104F13F
:1065F000580006F03BFB84F8C80004F1580204F18F
:10660000880104F1A80006F0BBF984F8C80010BDA9
:1066100010B5044694F82A00002861D104F18001E5
:1066200004F1780006F06FFB84F8C800B4F8780035
:10663000A4F8A8005A20015BAA20015304F1A80283
:1066400004F1580104F1780006F010FB84F8C8004A
:10665000B4F8A800A4F8B0008220015BB220015376
:1066600004F1B00204F1800104F1A80006F0FEFA82
:1066700084F8C800B4F89000A4F8A0009220015B50
:10668000A220015304F1A00204F1900104F1B00032
:1066900006F076F984F8C80004F1B00104F1A00016
:1066A00006F088F984F8C800B4F85800A4F8A800E7
:1066B0008220015BAA20015304F1A80204F18001A9
:1066C00004F1580006F0D2FA84F8C80004F19802E8
:1066D00004F1B00104F1A80006F0C8FA84F8C8007B
:1066E00010BD000070B504462046FFF701FFD4F846
:1066F000CC0018B12046D4F8CC108847204600F0D2
:1067000085F8D4F8D00018B12046D4F8D0108847C6
:106710002046FFF749FFD4F8D40018B12046D4F83A
:10672000D4108847207C08B9E07BB8B92046FFF731
:106730006FFFD4F8D80018B12046D4F8D810884795
:10674000204600F0A1F8D4F8DC0018B12046D4F8B7
:10675000DC1088472046FFF7F3FE13E0237B2A4D29
:106760002D8803FB05F2D4E93A01F9F774FE237B87
:10677000254D2D886B43257B03FB05F2D4E93E01B3
:10678000F9F769FED4F8E00018B12046D4F8E0101B
:106790008847002022E0227B00FB0202D4F8F81098
:1067A00001EB820191ED000A216A01EB8001D1ED3C
:1067B000000AB4EEE00AF1EE10FA0DD2216A01EB04
:1067C000800191ED000A227B00FB0202D4F8F81050
:1067D00001EB820181ED000A411CC8B2217B81429C
:1067E000D9DC237B084D2D8803FB05F2D4F8E81093
:1067F0002068F9F730FED4F8E40018B12046D4F848
:10680000E4108847206870BD4404002010B5044699
:1068100094F8280060BB607B00282ADD207BA4F868
:10682000B8000121BA20015304F1B80204F130018B
:1068300004F1600006F01AFA84F8C800207BA4F87E
:10684000C0000121C220015304F1C00204F1400143
:1068500004F1700006F00AFA84F8C80004F1380266
:1068600004F1C00104F1B80006F08AF884F8C80009
:1068700009E004F1380204F1300104F1600006F08F
:10688000F5F984F8C80010BD10B5044694F82B0043
:10689000E0BBB4F87800A4F8B8000121BA20015395
:1068A00004F1B80204F1380104F1780006F0DEF9D1
:1068B00084F8C800B4F84800A4F8C0000121C22040
:1068C000015304F1C00204F1B80104F1480006F0DC
:1068D00005FA84F8C800B4F89800A4F8B8000121BB
:1068E000BA20015304F1B80204F1C00104F1980088
:1068F00006F0BCF984F8C80004F1300204F1B801D4
:1069000004F1380006F03CF884F8C80010BD00001F
:1069100010B59FEDE60AE64880ED100A9FEDE30A08
:1069200080ED110A9FEDE10A80ED170A9FEDDF0A65
:1069300080ED190A9FEDDD0A80ED0E0A9FEDDB0A5E
:1069400080ED0F0A9FEDD90A80ED170A9FEDD70A57
:1069500080ED190A9FEDD50A80ED0E0A9FEDD30A4E
:10696000D44880ED000A9FEDD10A80ED010A9FED29
:10697000CF0A80ED020A9FEDCD0A80ED030A9FED5C
:10698000CB0A80ED040A9FEDC90A80ED050A9FED50
:10699000C70A80ED060A9FEDC50A80ED070A9FED44
:1069A000C30A80ED080A9FEDC10A80ED090A9FED38
:1069B000BF0A80ED0A0A9FEDBD0A80ED0B0A9FED2C
:1069C000BE0ABE4880ED000A9FEDBB0ABC4880EDC0
:1069D000000A9FEDB90ABB4880ED000A9FEDB60A98
:1069E000B94880ED000A9FEDB40AB84880ED000A6E
:1069F0009FEDB10AB64880ED000A9FEDAF0AB54899
:106A000080ED000A9FEDAC0AB34880ED000A9FEDCF
:106A1000AA0AB24880ED000A9FEDA70AB04880EDAF
:106A2000000A9FEDB00AB04880ED000A9FEDAD0A64
:106A3000AE4880ED000AAE480088AE490988884219
:106A400002DB0120AC490870AB480078A0BB0121F3
:106A5000AA48FAF731F80221A848FAF72DF80121DF
:106A6000A748FAF729F80221A548FAF725F89FED7B
:106A7000A50AA54880ED000A9FEDA20A80ED000A54
:106A80009B480088401C9A4908809F4890ED000A66
:106A90009E48D0ED000A30EE200A9D4880ED000AA5
:106AA000994890ED000A9948D0ED000A30EE600A4E
:106AB000984880ED000A7BE0FFE78D480088401C85
:106AC0008B490880084601888A4800880A3081423C
:106AD0000FDA01218948FAF743F802218748FAF7CB
:106AE0003FF801218648FAF73BF802218448FAF77B
:106AF00037F8894890ED010A8848D0ED000A20EE69
:106B0000200A814880ED000A834890ED020A8448FB
:106B1000D0ED000A20EE200A7C4880ED000A814872
:106B200090ED003A8048D0ED002A804B804A8149A0
:106B30008148824C94ED000AB1EE402A804CD4ED9D
:106B4000001A804C94ED001A7F4CD4ED000A7F4C63
:106B500094ED000A07F060FB6B4890ED000A6B486B
:106B6000D0ED000A30EE200A694880ED000A664840
:106B700090ED000A6548D0ED000A30EE600A6548E5
:106B800080ED000A6C4890ED000A714880ED000A23
:106B9000694890ED000A6F4880ED000A9FED510AA8
:106BA0006D4880ED000A9FED4F0A6C4880ED000AA9
:106BB0006B480078012860D1674890ED002ADFED2E
:106BC000491A9FED481ADFED470A9FED460A012159
:106BD0004A4800F0C7F85E4890ED002ADFED411A00
:106BE0009FED401ADFED3F0A9FED3E0A0221434828
:106BF00000F0B8F8464890ED002ADFED3A1A9FED14
:106C0000391ADFED380A9FED370A03213B4800F0BF
:106C1000A9F8524890ED000AB1EE402ADFED311A92
:106C20009FED301ADFED2F0A9FED2E0A0121344827
:106C300000F098F8474890ED000AB1EE402ADFEDE9
:106C4000291A9FED281ADFED270A9FED260A022157
:106C50002B4800F087F82F4890ED000AB1EE402A4B
:106C6000DFED201A9FED1F1ADFED1E0A9FED1D0AB2
:106C70000321234800F076F817E001211F48F9F7B7
:106C80001BFF02211D48F9F717FF03211B48F9F7E5
:106C900013FF01211A48F9F70FFF02211848F9F7ED
:106CA0000BFF03211648F9F707FF10BD0AD7233C55
:106CB0009465002024020020BD3786353C03002067
:106CC0004003002044030020480300204C03002020
:106CD0005003002054030020580300205C030020D0
:106CE000600300200000000064030020680300200F
:106CF000AE050020B0050020AC0500204C090020A6
:106D000074090020CDCC4C3F04060020180600205A
:106D1000600600206C060020C86C00207006002071
:106D20007406002054060020500600204C06002067
:106D3000480600204406002040060020EC04002005
:106D40003C060020380600203406002030060020D3
:106D50005C0600206806002058060020640600201B
:106D6000820300202DE9F0472DED068BC2B00446CA
:106D70000D46B0EE40AAB0EE608AF0EE418AB0EE69
:106D8000619AF0EE429A10209FED431ADFED430A1C
:106D9000B0EE4A0A06F05CFB86B20C20B3EE0E1A87
:106DA000FBEE0E0AB0EE480A06F052FB87B20C204A
:106DB0009FED3B1ADFED3B0AB0EE680A06F048FB98
:106DC0001FFA80F80C20B1EE041ADFED360AB0EE9F
:106DD000490A06F03DFB1FFA80F90C20B2EE041AB6
:106DE000FAEE040AB0EE690A06F032FB1FFA80FAE6
:106DF0002D48056000202C498860C8600820086183
:106E00002A492068884205D14FF48272284901A896
:106E1000F9F721FB27492068884205D14FF4827297
:106E2000254901A8F9F717FB30128DF8C4008DF839
:106E3000C560C7F307118DF8C6103807000E40EA89
:106E400028218DF8C7108DF8C880C9F307118DF877
:106E5000C9104FEA0970000E40EA2A218DF8CA10C5
:106E60008DF8CBA0012331AA0F492046F9F711FF75
:106E700060B1022331AA0C492046F9F70AFF28B174
:106E8000042331AA08492046F9F703FF42B0BDECBC
:106E9000068BBDE8F0870000D00F4940D00F49C0F5
:106EA0000000FA4300000000E46800200064004095
:106EB000AC66002000680040B067002010B51048A4
:106EC000104908600320486000210E488160C160BD
:106ED0004FF4102101614FF400114161002101764E
:106EE00001214176002181760121C17600210177BF
:106EF00001214177FAF7F4F908B1F9F785FE10BDE1
:106F0000006400404C09002010B51048104908608A
:106F10000320486000210E488160C1604FF41021B9
:106F200001614FF400114161002101760121417698
:106F3000002181760121C17600210177012141776D
:106F4000FAF7CEF908B1F9F75FFE10BD006800400E
:106F50007409002008B500BF002000901A4800689E
:106F600040F40010184908600846006800F400105A
:106F7000009000BF00BF00BF0020009008460068DE
:106F800040F4800008600846006800F4800000902B
:106F900000BF00BF002205210C20FBF709F80C20E0
:106FA000FAF7F2FF002205213920FBF701F839201A
:106FB000FAF7EAFF002205214520FAF7F9FF4520FC
:106FC000FAF7E2FF08BD00003038024000B59DB07E
:106FD0001C22184916A8F9F73EFA002116A807F056
:106FE0007CFC154908601C2212491C310FA8F9F7D6
:106FF00032FA00210FA807F070FC104908601C222B
:107000000C49383108A8F9F726FA002108A807F03A
:1070100064FC0B4908601C220649543101A8F9F7A9
:107020001AFA002101A807F058FC064908601DB0B3
:1070300000BD00003408010800000020040000200A
:10704000080000200C00002000B587B0142102A821
:10705000F9F755FA00BF002001903C48006840F065
:1070600002003A4908600846006800F002000190FA
:1070700000BF00BF00BF002001900846006840F03C
:10708000400008600846006800F04000019000BF22
:1070900000BF00BF002001900846006840F00100DA
:1070A00008600846006800F00100019000BF00BFC2
:1070B00000BF002001900846006840F0080008600A
:1070C0000846006800F00800019000BF00BF00BF44
:1070D000002001900846006840F00400086008465F
:1070E000006800F00400019000BF00BF00BF002056
:1070F00001900846006840F080000860084600687B
:1071000000F08000019000BF00BF00221021104855
:10711000FAF780FE002201210E48FAF77BFE1020CC
:1071200002900120039000200490059002A90848D5
:10713000FAF776FD0120029003900020049005905C
:1071400002A90448FAF76CFD07B000BD30380240D0
:10715000000002400004024010B50F480F490860CB
:107160004FF48270486000210C488160C1600221A8
:10717000016101214161490281613821C161002120
:107180000162416281620A21C162FCF7DBF908B148
:10719000F9F73AFD10BD0000003001409C090020C5
:1071A00000B587B01C216846F9F7A9F915481649BA
:1071B00008601720486000211348816042F20F7177
:1071C000C160002101618161FCF73CFC08B1F9F765
:1071D0001BFD0D48FCF720FF08B1F9F715FD6020F5
:1071E0000090002001900290049000226946064819
:1071F000FCF790FE08B1F9F707FD0348FCF77CFDAA
:1072000007B000BD00440140840A002000B589B0E9
:107210000020079008901C216846F9F770F918487B
:1072200018490860A72048600021164881604FF681
:10723000FF71C1600021016180218161FCF7ECFEDA
:1072400008B1F9F7E1FC00200790089007A90D4864
:10725000FCF79EFB08B1F9F7D7FC602000900020F6
:10726000019002900490082269460648FCF752FEFD
:1072700008B1F9F7C9FC0348FCF73EFD09B000BDB1
:1072800000080040F409002000B591B000200F90E4
:1072900010901C2108A8F9F732F920216846F9F767
:1072A0002EF9224822490860002048600021204829
:1072B00081604FF6FF71C160002101614161816110
:1072C000FCF7D1FD08B1F9F79FFC00200F9010905A
:1072D0000FA91748FCF75CFB08B1F9F795FC0020F3
:1072E000089009900A900B900C900D900E9000223F
:1072F00008A90F48FCF77EFD08B1F9F785FC0020CE
:10730000009001900290039004904FF4005005907B
:107310000020079069460648FCF700FB08B1F9F722
:1073200073FC0348FCF7E8FC11B000BD0004014009
:107330003C0A002010B50C480C4908600C48486015
:107340004FF48051094881604900C160C910016152
:107350000C21416100218161C161FDF73FF908B154
:10736000F9F752FC10BD000000480040CC0A002094
:10737000A086010010B50B480B4908604FF4E130BE
:107380004860002108488160C16001610C214161B1
:1073900000218161C161FDF721F908B1F9F734FCE1
:1073A00010BD000000140140140B002010B5012294
:1073B0000D490E4802F070FF08B1F9F725FC0C49A1
:1073C0000A4803F0B0FA08B1F9F71EFC094907486A
:1073D00002F096FB08B1F9F717FC044803F0A6FB8E
:1073E00008B1F9F711FC10BD14000020C40C0020F6
:1073F000000100206400002000B52DED108B87B047
:10740000F0EE40EAB0EE60AAF0EE41AAF0EE619A2A
:10741000F0EE428AB0EE629A6EEEAE0A4AEE0A0AC8
:107420004AEEAA0AB0EE600A06F046F9B0EE408ACB
:107430002EEE880AF0EE40EA2AEE080AB0EE40AAE4
:107440002AEE880AF0EE40AAF5EEC09AF1EE10FAA4
:1074500021D0F5EEC08AF1EE10FA1CD0B5EEC09A3C
:10746000F1EE10FA17D069EEA90A48EEA80A49EE23
:10747000090AB0EE600A06F01FF9B0EE408A29EE64
:10748000880AF0EE409A28EE880AF0EE408A29EE4B
:10749000080AB0EE409AF0EE6A0AB1EE6E0A04F005
:1074A000AFFDB0EE40FAF0EE6A0AB0EE4A0A04F020
:1074B000A7FDF0EE40FAB0EE6F0A04F071FF8DED1B
:1074C000060AB0EE6F0A04F0C3FE8DED050AB0EEB9
:1074D0004F0A04F0BDFE8DED030AB0EE4F0A04F032
:1074E0005FFF8DED040AF5EEC09AF1EE10FA34D08C
:1074F000F5EEC08AF1EE10FA2FD0B5EEC09AF1EE9B
:1075000010FA2AD09DED030A29EE800ADDED040A67
:1075100028EEA01ADDED060A01EE200ADDED040AD0
:1075200029EE201ADDED050A01EE200A8DED020A92
:107530009DED050A28EE800ADDED060A09EE600AD7
:107540008DED010ADDED020A9DED010AB1EE400A62
:1075500004F056FDB0EE40BA01E09FED55BAF6EEEC
:10756000000A6FEEA00AB0EE600A04F071FEF0EEC1
:1075700040BAF6EE000A6FEE200AB0EE600A04F0A0
:1075800067FEB0EE40CAF6EE000A6BEE200AB0EEDF
:10759000600A04F05DFEF0EE40CAF6EE000A6FEEFF
:1075A000A00AB0EE600A04F0FBFEB0EE40DAF6EEA0
:1075B000000A6FEE200AB0EE600A04F0F1FEF0EE71
:1075C00040DAF6EE000A6BEE200AB0EE600A04F034
:1075D000E7FEB0EE40EA2BEE8C0A20EE2C0A6DEEB0
:1075E0002D0A00EE8E0A334880ED000A2DEE0C0ABB
:1075F00020EE2C0A6BEEAD0A00EECE0A2E4880ED8E
:10760000000A2BEEAD0A20EE2C0A6DEE0C0A00EEFD
:107610008E0A2A4880ED000A2BEE8C0A20EE0E0A14
:107620006DEE2D0A00EEEC0A254880ED000A214897
:10763000D0ED000A60EEA00A1F4890ED001AD0EDD0
:10764000001A41EE210A1D4890ED001AD0ED001AF3
:1076500041EE210A1A4890ED001AD0ED001A41EED1
:10766000210AB0EE600A00F0BFFAB0EE408A11487D
:1076700090ED000A20EE080A80ED000A0E4890ED19
:10768000000A20EE080A80ED000A0C4890ED000A7E
:1076900020EE080A80ED000A094890ED000A20EE6D
:1076A000080A80ED000A07B0BDEC108B00BD000099
:1076B00000000000480500204C0500205005002077
:1076C0005405002010B52DED108BF0EE408AB0EE81
:1076D000609AF0EE419AB0EE61BAB0EE42AAF0EED6
:1076E00062AAB5EEC0BAF1EE10FA09D1B5EEC0AAA1
:1076F000F1EE10FA04D1F5EEC0AAF1EE10FA7DD049
:107700006BEE0B0A4AEE0A0A4AEEAA0AB0EE600ACB
:1077100005F0D2FFB0EE408AB0EE480A2BEE000A28
:10772000B0EE40BAB0EE480A2AEE000AB0EE40AA27
:10773000B0EE480A2AEE800AF0EE40AAB04890ED7A
:10774000000AB048D0ED000A20EE200AAE48D0ED85
:10775000000AAE4890ED001AB0EE40DA00EEC1DA51
:10776000A94890ED000AA648D0ED000A20EE200AB4
:10777000A648D0ED000AA34890ED001AF0EE40DADA
:1077800040EE81DAA048D0ED000A90ED001AB6EE86
:10779000000A10EE810A9B48D0ED000A90ED001A15
:1077A000B0EE40EA00EE81EA2AEE0E0AF0EE40EA80
:1077B0004AEEEDEA2AEE8D0AB0EE40FA0BEE4EFAF2
:1077C0002BEE2D0AF0EE40FA4AEE4DFA904890ED7D
:1077D000000AB5EEC00AF1EE10FA43DD90ED000AA2
:1077E00060EE2E0A8B4890ED001A8B4890ED000A4F
:1077F00000EE810A80ED000A854800E059E090ED36
:10780000000A60EE0F0A834890ED001A834890ED5D
:10781000000A00EE810A80ED000A7D4890ED000A22
:1078200060EE2F0A7B4890ED001A7D4890ED000A2B
:1078300000EE810A80ED000A774890ED000A38EEEC
:10784000800AF0EE408A754890ED000A39EE000A91
:10785000B0EE409A724890ED000A39EE800AF0EEE0
:10786000409A0EE09FED6F0A6B4880ED000A9FED95
:107870006D0A6A4880ED000A9FED6A0A684880ED4B
:10788000000AF7EE000AB0EE680A00EEAE0AF0EE6B
:10789000408AF7EE000AB0EE490A00EE8F0AB0EE19
:1078A000409AF7EE000AB0EE690A00EEAF0AF0EE79
:1078B000409A584890ED000AF6EE000A20EE200AA1
:1078C00020EE280AF0EE408A90ED000AF6EE000A5B
:1078D00020EE200A20EE090AB0EE409A90ED000A50
:1078E000F6EE000A20EE200A20EE290AF0EE409A79
:1078F0004548D0ED00BA424890ED00CA4348D0ED6B
:1079000000CAB1EE4C0A20EE280A0CEEC90A3D4826
:10791000D0ED000A00EEE90A3B48D0ED000A30EE57
:10792000200A80ED000A2BEEA80A0CEEA90A3548C1
:10793000D0ED000A00EEC90A3148D0ED000A30EE61
:10794000200A80ED000A2BEE890A0CEE690A2D4808
:10795000D0ED000A00EEA80A2C48D0ED000A30EE67
:10796000200A80ED000A2BEEA90A0CEE090A0CEEA3
:10797000E80A2448D0ED000A30EE200A80ED000A23
:107980002148D0ED000A60EEA00A1D4890ED001AD3
:10799000D0ED001A41EE210A1C4890ED001AD0EDFE
:1079A000001A41EE210A174890ED001AD0ED001A96
:1079B00041EE210AB0EE600A05F07EFEB0EE408A8C
:1079C000114890ED000A20EE080A80ED000A0C48EC
:1079D00090ED000A20EE080A80ED000A0B4890EDB9
:1079E000000A20EE080A80ED000A064890ED000A21
:1079F00020EE080A80ED000ABDEC108B10BD0000DF
:107A00004C050020540500204805002050050020AA
:107A10004405002064050020580500205C05002076
:107A20006005002000000000DFED190A1948C0EDD4
:107A3000000AF7EE000A1848C0ED000ADFED140A4C
:107A40001648C0ED000ADFED120A1548C0ED000A25
:107A5000DFED0F0A1348C0ED000ADFED0D0A1248F2
:107A6000C0ED000ADFED0A0A1048C0ED000ADFEDA4
:107A7000080A0F48C0ED000A00200E490870F7EE12
:107A8000000A80EE801A0C4880ED001A7047000052
:107A90000000000044050020480500204C0500209F
:107AA0005005002054050020580500205C050020EA
:107AB00060050020740500206405002010B54148D1
:107AC000D0ED001A90ED002AB6EE001A01EEC21AAF
:107AD0003D48D0ED001A90ED002A01EEC21AF0EEFA
:107AE000410A3A4890ED001A3648D0ED001A21EECE
:107AF000211A3548D0ED001A354890ED002A01EEE4
:107B0000821AB0EE410A334804F0F0FD314890ED9E
:107B1000000ADFED310A20EE200A80ED000A294834
:107B2000D0ED000A2A4890ED001A60EE810A27483D
:107B300090ED001A2448D0ED001A41EE610AB8EE2B
:107B4000001A60EE810AB0EE600A04F0C3F9DFEDBE
:107B5000220A20EE200A214880ED000A1A48D0EDC2
:107B6000001A90ED002AB6EE001A01EEC21A18486B
:107B7000D0ED001A90ED002A01EEC21AF0EE410A93
:107B8000104890ED001A1048D0ED001A21EE211A8D
:107B90000E48D0ED001A0E4890ED002A01EE821A30
:107BA000B0EE410A0E4804F0A1FD0D4890ED000A28
:107BB000DFED090A20EE200A80ED000A01200949C4
:107BC000087010BD4C05002050050020480500201D
:107BD0005405002068050020E12E65426C05002058
:107BE0007005002074050020F0EE400AF6EE001A41
:107BF00060EEA11AB0EE611AB0EE600A10EE100A43
:107C00000C49A1EB600000EE100A21EE002AF7EE0D
:107C1000081A42EE401A61EE801AB0EE610A21EEB7
:107C2000002AF7EE081A42EE401A61EE801AB0EE12
:107C3000610A7047DF59375F00B52DED108B95B0A5
:107C4000B0EE40AAF0EE60AAB0EE41BAF0EE61CA22
:107C5000F0EE42BAB0EE62CAF0EE439AB0EE638A3A
:107C6000F0EE448AF5EEC09AF1EE10FA1BD1B5EEB3
:107C7000C08AF1EE10FA16D1F5EEC08AF1EE10FAD4
:107C800011D1F0EE4C2AB0EE6B2AF0EE6C1AB0EE89
:107C90004B1AF0EE6A0AB0EE4A0AFFF713FD15B070
:107CA000BDEC108B00BDF5EEC0CAF1EE10FA09D1A3
:107CB000F5EEC0BAF1EE10FA04D1B5EEC0CAF1EE9D
:107CC00010FA7CD06CEEAC0A4BEEAB0A4CEE0C0A10
:107CD000B0EE600A05F0F0FCB0EE409A2CEE890A96
:107CE000F0EE40CA2BEE890AF0EE40BA2CEE090AFB
:107CF000B0EE40CA69EEA90A48EE080A48EEA80AA2
:107D0000B0EE600A05F0D8FCB0EE409A29EE890A80
:107D1000F0EE409A28EE090AB0EE408A28EE890A71
:107D2000F0EE408AFE4890ED000A20EE000A8DED4C
:107D3000140A90ED000AFB48D0ED000A20EE20EA7C
:107D4000F74890ED000AF848D0ED000A20EE20DA5E
:107D5000F34890ED000AF548D0ED000A20EE200A25
:107D60008DED130AEF4890ED000A20EE000A8DED2C
:107D7000120A90ED000AEC48D0ED000A20EE200A2D
:107D80008DED110AE74890ED000AE848D0ED000AB1
:107D900060EE20DAE44890ED000A60EE00EA90ED33
:107DA000000AE248D0ED000A20EE20FA90ED000A29
:107DB00060EE00FAB6EE000A30EE6E0A00E060E116
:107DC00030EE6F0A20EE291A9DED110ADDED130A3F
:107DD00070EE600AB0EE410A08EE200A7DEE8D0AD0
:107DE00008EEA00AF0EE000A60EE200ACDED100ABF
:107DF0009DED110ADDED130A30EE200A60EE290A2E
:107E00009DED120AB6EE001A31EE400A30EE6F1AFE
:107E1000B0EE600A08EE010A7FEE4E0A08EEA00AF4
:107E2000F0EE000A60EE200ACDED0F0ADDED100A3B
:107E300020EEA01ADDED0F0A00EEA01AB0EE410A06
:107E400004F076FB8DED0E0A3DEECD0A20EE290AF8
:107E50007FEE0E0A08EE200ADDED120AB6EE001AD9
:107E600071EE600A70EEEE0A08EEA00AF0EE000A6B
:107E700020EE200A8DED0D0A3DEECD0A8DED0C0AA7
:107E80003EEE0F0A8DED0B0A9DED140AF6EE000A88
:107E900030EE600A30EE2F0A8DED0A0AB6EE000AC7
:107EA00030EE6E0A70EE6F0A9DED0E0A20EE800A2B
:107EB0003DEECD1ADDED0D0A00EE810A8DED090AC9
:107EC0009DED110ADDED130A70EE600A9DED0E0ABC
:107ED00020EE800A3EEE0F1ADDED0D0A00EE810A5B
:107EE0008DED080A7DEE2D0A9DED0E0A20EE801A1A
:107EF0009DED120AF6EE000A30EEC00A70EE6E1A20
:107F0000DDED0D0AB0EE410A00EEA10A8DED070A83
:107F10009DED0A0A6BEE800A9DED0B0A4CEE400ABD
:107F20009DED070A28EE001A9DED080A08EEC01A1A
:107F300030EE810A8DED060A9DED0C0A6CEE000A0A
:107F40009DED0A0A4CEEC00A9DED090A28EE801A42
:107F50009DED070A09EEC01A30EE810A8DED050A83
:107F60009DED0B0A6CEE800A9DED0C0A4BEEC00AEB
:107F70009DED080A29EE801A9DED090A08EE401AC7
:107F800030EE810A8DED040A694890ED000AB5EEE5
:107F9000C00AF1EE10FA47DDD0ED000A9DED060AA9
:107FA00060EE800A634890ED001A634890ED000A85
:107FB00000EE810A80ED000A5D48D0ED000A9DEDDB
:107FC000050A60EE800A5B4890ED001A5B4890ED70
:107FD000000A00EE810A80ED000A5548D0ED000A43
:107FE0009DED040A60EE800A524890ED001A544854
:107FF00090ED000A00EE810A80ED000A4E4890EDF7
:10800000000A3AEE000AB0EE40AA4C4890ED000A91
:108010003AEE800AF0EE40AA494890ED000A3BEEA5
:10802000000AB0EE40BA0EE09FED460A424880EDED
:10803000000A9FED440A414880ED000A9FED410A85
:108040003F4880ED000A9DED060AB7EE001AF0EEFB
:108050004A0A41EE000AB0EE60AA9DED050AB7EEAD
:10806000001AF0EE6A0A41EE000AF0EE60AA9DEDF9
:10807000040AB7EE001AF0EE4B0A41EE000AB0EE29
:1080800060BA2C4890ED000AF6EE000A20EE200AB5
:1080900020EE0A0AB0EE40AA90ED000AF6EE000AC1
:1080A00020EE200A20EE2A0AF0EE40AA90ED000A07
:1080B000F6EE000A20EE200A20EE0B0AB0EE40BADF
:1080C000174890ED000A8DED030A164890ED000A5E
:1080D0008DED020A144890ED000A8DED010A9DED28
:1080E000020AB1EE400A60EE0A0A9DED010A40EE76
:1080F0006A0A0E4890ED000A40EE4B0A084890EDDF
:10810000000A30EE800A80ED000A9DED030A60EE61
:108110000A0A9DED010A40EE0B0A044814E0000033
:10812000480500204C050020500500205405002083
:108130004405002064050020580500205C0500204F
:10814000600500200000000090ED000A40EE6A0A81
:10815000374890ED000A30EE800A80ED000A9DED70
:10816000030A60EE2A0A9DED020A40EE4B0A3148EE
:1081700090ED000A40EE0A0A2F4890ED000A30EE1A
:10818000800A80ED000A9DED030A60EE0B0A9DED6A
:10819000020A40EE2A0A9DED010A40EE4A0A2548ED
:1081A00090ED000A30EE800A80ED000A2348D0ED01
:1081B000000A60EEA00A1E4890ED001AD0ED001AE9
:1081C00041EE210A1C4890ED001AD0ED001A41EE54
:1081D000210A184890ED001AD0ED001A41EE210A4C
:1081E000B0EE600A05F068FAB0EE409A134890EDE0
:1081F000000A20EE090A80ED000A0D4890ED000A01
:1082000020EE090A80ED000A0B4890ED000A20EEEE
:10821000090A80ED000A074890ED000A20EE090ADD
:1082200080ED000A00200649087000BF37E5000015
:108230004C05002054050020500500204805002072
:108240007405002000BFFEE700BFFEE710B502483E
:10825000FAF7CDF810BD0000A02100202DE9F0476D
:1082600004460D4626683746D6F8408007F530604C
:1082700000EB4510D0F80890104880450BD909F460
:108280000040B0F5004F06D14FF4004107F53060D3
:1082900000EB451081602046FAF75AFD07488045FB
:1082A00008D9A079012805D104F29C420121206857
:1082B00003F0F4F80020BDE8F08700000A30544FC6
:1082C0002DE9F04705460C46D5F800904E46D9F802
:1082D00040A006F5306000EB4410D0F80880A87983
:1082E000012855D108F0080008280FD143488245DD
:1082F0000BD908F40040B0F5004F7BD14FF400419A
:1083000006F5306000EB4410816073E008F0200057
:10831000202806D1202106F5306000EB4410816052
:1083200068E008F02800002864D1344882450CD960
:1083300008F40040B0F5004F07D14FF4004106F5B6
:10834000306000EB4410816054E004EBC40105F59B
:10835000157000EB810706F5306000EB4410396AB8
:108360000069C0F31200081A786164B9386930B93D
:1083700005F29C420121286803F090F803E0796936
:10838000F8680844F860E1B22846F9F7A7FE31E042
:108390001B4882451BD108F40040B0F5004F07D1BF
:1083A0004FF4004106F5306000EB4410816021E09D
:1083B00008F02000202805D1202106F5306000EBD0
:1083C00044108160E1B22846F9F788FE12E06CB9EA
:1083D00004EBC40105F5157000EB8100006928B9B4
:1083E00005F29C420021286803F058F8E1B22846C3
:1083F000F9F774FE0020BDE8F08700000A30544F02
:108400000A31544F2DE9F84F07460E46D7F8009031
:10841000C84606EBC60107F1140000EB8104D4E95D
:108420000410884202D90120BDE8F88FD4E9040184
:10843000451AA068A84200D2A568E81C4FEA900A35
:1084400017E0D4E90401451AA068A84200D2A56843
:10845000E81C4FEA900AB879ABB2F2B200904846F5
:10846000E16803F0E3FCE0682844E06060692844C8
:10847000606108F5106000EB4610806980B25045DD
:1084800006D3D4E90410884202D220690028D8D14A
:10849000D4E9040188420ED806F00F01012000FA49
:1084A00001FB40F6340050F8080020EA0B0040F6CB
:1084B000340141F808000020B6E70000B0EE401A91
:1084C00010B99FED790A704790ED100A80ED110AFE
:1084D00090ED0F0A80ED100AC0ED060A80ED071A34
:1084E00030EEC10A80ED0F0A0178002975D190EDB8
:1084F000010AD0ED0F1A20EE210A80ED090A90ED55
:108500000A0AD0ED021A90ED0F2A01EE820A80EDE0
:108510000A0A90ED0D0A80ED0E0A90ED0C0A80ED2E
:108520000D0A90ED0F0AD0ED101A30EE610A80EDC1
:108530000C0A90ED030AD0ED0C1A20EE210A80ED12
:108540000B0A90ED0A0AD0ED051AB4EEE10AF1EE3D
:1085500010FA04DD90ED050A80ED0A0A10E090EDB6
:108560000A0AD0ED051AF1EE611AB4EEE10AF1EE55
:1085700010FA05D290ED050AB1EE400A80ED0A0A24
:1085800090ED090AD0ED0A1A30EE210AD0ED0B1A4F
:1085900030EE210A80ED080A90ED080AD0ED041AA9
:1085A000B4EEE10AF1EE10FA04DD90ED040A80ED7C
:1085B000080A76E090ED080AD0ED041AF1EE611A8F
:1085C000B4EEE10AF1EE10FA6BD290ED040AB1EECE
:1085D000400A80ED080A64E0FFE70178012960D1D4
:1085E00090ED0F0AD0ED101A30EE610AD0ED011AAD
:1085F00020EE210A80ED090A90ED020AD0ED0F1A53
:1086000020EE210A80ED0A0A90ED0D0A80ED0E0A97
:1086100090ED0C0A80ED0D0A90ED0F0AD0ED101AC6
:10862000B0EE002A02EE610AD0ED111A30EE210AF6
:1086300080ED0C0A90ED030AD0ED0C1A20EE210A11
:1086400080ED0B0A90ED090AD0ED0A1A30EE210AEE
:10865000D0ED0B1A30EE210AD0ED081A30EE210AC7
:1086600080ED080A90ED080AD0ED041AB4EEE10A94
:10867000F1EE10FA04DD90ED040A80ED080A10E036
:1086800090ED080AD0ED041AF1EE611AB4EEE10A99
:10869000F1EE10FA05D290ED040AB1EE400A80ED39
:1086A000080A90ED080A0EE70000000010B54FF42C
:1086B00078701349088048808880C8800881C0206D
:1086C00048814FF4E06088814FF47870C881C02001
:1086D00008824FF478704882012081F8230000203E
:1086E00008490870642208490848FBF778FD0848E3
:1086F0000068006820F0080005490968086010BD9E
:10870000A06C00207C050020DC6B0020CC0A00203F
:10871000406C00207CB504460E46154633460122C7
:1087200002212046009500F039F828B1606D40F034
:108730002000606503207CBD164800681821B0FB4E
:10874000F1F01549B0FBF1F04FF47A714843019014
:108750006068B0F5827F0DD133460022802120462B
:10876000009500F01BF898B1606D40F02000606546
:108770000320E0E700BF019800B908E00198401E1F
:10878000019020688068C0F3C0100028F3D100BFBA
:108790000020D0E78400002040420F002DE9F84F70
:1087A00004460D4690461E46DDF82890F9F738FB42
:1087B000A0EB0900371AF9F733FB82462C48006812
:1087C000C0F3CB307843009046E0701C002843D0C3
:1087D000F9F726FBA0EB0A00B84200D2A7BB20683D
:1087E000406820F0E000216848606068B0F5827F52
:1087F0000DD1A068B0F5004F03D0A068B0F5806F30
:1088000005D12068006820F0400021680860A06A57
:10881000B0F5005F0DD100BF2068006820F4005063
:10882000216808602068006840F4005021680860F2
:1088300000BF012084F8510000BF002084F85000E0
:1088400000BF0320BDE8F88FFFE7009808B90027B4
:1088500002E00098401E0090206880682840A842EE
:1088600001D1012000E000204045AED10020E9E721
:108870008400002030B501460A461378521C147853
:1088800043EA042030BD0000C17D00297ED101787B
:108890000F29FBD10021AA4A11600121A94A82F8BF
:1088A00020104178827841EA0221C1F30A01A54AE9
:1088B00011808178C910C27841EA4211C1F30A01DE
:1088C000A04A5180C1788911027941EA8201427936
:1088D00041EA8221C1F30A019A4A91804179491003
:1088E000827941EAC211C1F30A01964AD1808179A5
:1088F0000911C27941EA0211C1F30A01914A1181B9
:10890000C179C911027A41EA4201427A41EA42211F
:10891000C1F30A018B4A5181417A8910827A41EA76
:108920008211C1F30A01874A9181817A4911C27A81
:1089300041EAC201834AD181017B427B41EA0221A3
:10894000C1F30A017F4A1182417BC910827B41EA4F
:108950004211C1F30A017B4A5182817B8911C27B9A
:1089600041EA8201027C41EA8221C1F30A01754A8F
:108970009182017C4910427C41EAC211C1F30A0193
:10898000704AD182417C0911827C00E0C9E041EA51
:108990000211C1F30A016B4A1183817CC911C27CA7
:1089A00041EA4201027D41EA4221C1F30A01654ADE
:1089B0005183017D8910427D41EA8211C1F30A0190
:1089C000604A9183417D4911827D41EAC2015D4A3D
:1089D000D1831146C988A1F5787100EE101AB8EE5E
:1089E000C00ADFED590A80EE201A584981ED001ABD
:1089F00011468988A1F5787100EE101AB8EEC00A08
:108A0000DFED510A80EE201A504981ED011A11461E
:108A10000988A1F5787100EE101AB8EEC00ADFEDF2
:108A20004A0A80EE201A494981ED021A1146498806
:108A3000A1F5787100EE101AB8EEC00ADFED420A17
:108A400080EE201A414981ED031A11460989C02997
:108A500006D0B1F5787F07D0B1F5E06F0CD107E013
:108A600003213A4A11740BE00221384A117407E0DD
:108A70000121364A117403E00021344A117400BF09
:108A800000BF30494989C02903D0B1F5E06F08D152
:108A900003E002212D4A517407E001212B4A517451
:108AA00003E00021294A517400BF00BF254989898C
:108AB000C02903D0B1F5E06F08D103E00221234AB9
:108AC000917407E00121214A917403E000211F4ABB
:108AD000917400BF00BF1B49C989C02906D0B1F5F8
:108AE000787F07D0B1F5E06F0CD107E00321174A7A
:108AF000D1740BE00221154AD17407E00121134A19
:108B0000D17403E00021114AD17400BF00BF0D49A8
:108B1000098AC0390D4A91820A49498AC039D182ED
:108B20000CE007490968491C054A116011460968AB
:108B3000322903DB0021034A82F82010704700002D
:108B400078050020A06C002000004844C86C00207C
:108B5000FEF72CFC00BF012005F0AEFEFBE7000095
:108B600010B500BF502080F31188BFF34F8FBFF3C3
:108B70006F8F00BF07F004FC18B14FF0805004491C
:108B8000086000BF002080F3118800BF10BD000006
:108B900004ED00E000B593B0302107A8F7F7AFFC73
:108BA000142102A8F7F7ABFC00BF00200190244875
:108BB000006840F08050224908600846006800F0D4
:108BC0008050019000BF00BF00BF002001901D48F1
:108BD000006840F480401B4908600846006800F4C3
:108BE0008040019000BF00BF012007900004089062
:108BF00002200D9041050E9106210F91A8211091A0
:108C0000022111910721129107A8FAF74DFA08B134
:108C1000F7F7FAFF0F200290022003900020049043
:108C20004FF4A05005904FF480500690052102A803
:108C3000FAF7D8F808B1F7F7E7FF13B000BD000066
:108C400040380240007000400348006840F4700063
:108C5000014908607047000088ED00E010B5034846
:108C6000FAF793FF0248FAF790FF10BD3C0A002084
:108C70007C0C002010B502682B4B98420ED0B0F14E
:108C8000804F0BD0294B984208D0294B984205D0F1
:108C9000284B984202D0284B984203D122F0700210
:108CA0004B681A43204B984220D0B0F1804F1DD022
:108CB0001E4B98421AD01E4B984217D01D4B98421B
:108CC00014D01D4B984211D01C4B98420ED01C4B17
:108CD00098420BD01B4B984208D01B4B984205D0B2
:108CE0001A4B984202D01A4B984203D122F4407298
:108CF000CB681A4322F080034C6943EA04028B6874
:108D0000C3620B688362084B984202D00A4B9842B8
:108D100001D10B690363036843F00403036001237B
:108D20004361026010BD00000000014000040040EB
:108D300000080040000C00400004014000400140D9
:108D4000004401400048014000180040001C004061
:108D50000020004030B501F01F05012404FA05F39E
:108D6000046A9C430462046A01F01F0502FA05F5D7
:108D70002C43046230BD000030B5026A056A25F05C
:108D8000010505624368846924F0700424F003043B
:108D90000D682C4322F002028D682A43104DA84230
:108DA00000D103E00F4DA84206D100BF22F0080217
:108DB000CD682A4322F00402094DA84202D0094D91
:108DC000A84207D123F4807323F400734D692B4329
:108DD0008D692B43436084614D684563026230BDF9
:108DE000000001400004014030B5026A056A25F028
:108DF000100505624368846924F4E04424F4407457
:108E00000D6844EA052422F020028D6842EA05122A
:108E1000124DA84200D103E0114DA84207D100BF76
:108E200022F08002CD6842EA051222F040020B4D8A
:108E3000A84202D00A4DA84209D123F4806323F44A
:108E400000634D6943EA85038D6943EA8503436006
:108E500084614D688563026230BD000000000140FE
:108E60000004014030B5026A056A25F48075056288
:108E70004368C46924F0700424F003040D682C4393
:108E800022F400728D6842EA0522124DA84200D1F8
:108E900003E0114DA84207D100BF22F40062CD6863
:108EA00042EA052222F480620A4DA84202D00A4D0D
:108EB000A84209D123F4805323F400534D6943EAB7
:108EC00005138D6943EA05134360C4614D68C563AA
:108ED000026230BD000001400004014030B5036A69
:108EE000056A25F4805505624468C26922F4E042AF
:108EF00022F440720D6842EA052223F400538D6883
:108F000043EA0533084DA84202D0084DA84204D1D7
:108F100024F480444D6944EA85144460C2614D687C
:108F20000564036230BD0000000001400004014000
:108F300070B50446A56B0020E8852846FBF7AEF91E
:108F400070BD70B506460025B46B20684069C0F35B
:108F5000C01594F84100212805D125B10020E084F6
:108F6000204600F0FBF820684069C0F3801594F8B3
:108F70004200222805D125B10020E085204600F0DE
:108F8000A7F8606C40F0100060642046FBF786F99B
:108F900070BD70B50546AC6B2868006800F4807041
:108FA000002842D1E08500BF00BF21680C3151E8A4
:108FB000001F21F4807021680C3141E80002002A72
:108FC000F3D100BF00BF00BF2168143151E8001F7A
:108FD00021F001002168143141E80002002AF3D198
:108FE00000BF00BF00BF2168143151E8001F21F00D
:108FF00040002168143141E80002002AF3D100BF8B
:10900000202084F84200206B01280ED100BF00BF51
:1090100021680C3151E8001F21F0100021680C314B
:1090200041E80002002AF3D100BF00206063206BFA
:10903000012804D1A18D2046FBF70AF902E0204661
:10904000FBF7FAFB70BD70B50546AC6B01206063A1
:10905000206B012805D1A08D41082046FBF7F8F8C8
:1090600002E02046FBF7E9FB70BD70B50546AC6B2E
:109070002868006800F48070F8B90020E08400BF20
:1090800000BF2168143151E8001F21F080002168E1
:10909000143141E80002002AF3D100BF00BF00BF35
:1090A00021680C3151E8001F41F0400021680C316B
:1090B00041E80002002AF3D102E02046FBF70CFC55
:1090C00070BD70B50446A56B2846FBF706FC70BD65
:1090D00000BF00BF02680C3252E8002F22F49071EA
:1090E00002680C3242E80013002BF3D100BF00BF2E
:1090F00000BF0268143252E8002F22F0010102681A
:10910000143242E80013002BF3D100BF016B012998
:109110000ED100BF00BF02680C3252E8002F22F0CF
:10912000100102680C3242E80013002BF3D100BF9B
:10913000202180F8421000210163704710B50446D9
:109140002068C06820F040002168C860202084F8B2
:1091500041002046FBF7C0FB002010BD00BF00BF50
:1091600002680C3252E8002F22F0C00102680C3273
:1091700042E80013002BF3D100BF202180F84110FA
:109180007047F8B504460025002694F842002228CE
:1091900073D1A068B0F5805F0BD1206948B9A66A89
:1091A00020684068C0F308003080A06A801CA0627C
:1091B00014E0A56AA068B0F5805F03D0A06828B964
:1091C000206918B920684068287004E02068406869
:1091D00000F07F002870A06A401CA062E08D401E55
:1091E00080B2E085002846D12068C06820F02000C9
:1091F0002168C8602068C06820F480702168C86059
:109200002068406920F0010021684861202084F82E
:10921000420000206063206B012826D100202063DB
:1092200000BF00BF21680C3151E8001F21F0100081
:1092300021680C3141E80002002AF3D100BF206808
:10924000006800F0100010280AD100BF0020009034
:1092500020680068009020684068009000BF00BF50
:10926000A18D2046FAF7F4FF02E02046FBF7E4FA6E
:109270000020F8BD01E00020FBE70220F9E7000034
:109280002DE9F84F04462068006920F44050E16859
:109290000843216808612169A0680843616908439F
:1092A000E169084300902068C06849F20C61884376
:1092B000009908432168C8602068406920F4407024
:1092C000A16908432168486176492068884203D033
:1092D00075492068884203D1F9F77EFE814602E095
:1092E000F9F76AFE8146E069B0F5004F6CD10220C3
:1092F0006168A0FB015003461920A9FB00700146DC
:109300002A463846F7F730F86421B0FBF1F04FEA0F
:10931000001A02206168A0FB01510B461920A9FB2D
:1093200000712A463846F7F71FF883460220616825
:10933000A0FB015003461920A9FB00712A463846BC
:10934000F7F712F86421B0FBF1F000EBC00101EB7C
:109350000010ABEB8000322101EBC0006421B0FBB8
:10936000F1F000F0F8000AEB400A02206168A0FB6F
:10937000015003461920A9FB007001462A463846D1
:10938000F6F7F2FF834602206168A0FB0150034616
:109390001920A9FB00712A463846F6F7E5FF64213B
:1093A000B0FBF1F000EBC00101EB0010ABEB800073
:1093B000322101EBC0006421B0FBF1F000F00700A6
:1093C0005044216888606AE004206168A0FB015075
:1093D00003461920A9FB007001462A463846F6F7D5
:1093E000C3FF824604206168A0FB01500346192098
:1093F000A9FB007001462A463846F6F7B5FF6421FE
:10940000B0FBF1F000EBC00101EB0010AAEB800013
:10941000322101EB00106421B0FBF1F000F0F00A02
:1094200004206168A0FB017003461920A9FB0051CC
:109430003A462846F6F798FF6421B0FBF1F00AEBB4
:10944000001A04206168A0FB01510B461920A9FBFA
:1094500000712A463846F6F787FF83460420616884
:10946000A0FB015003461920A9FB007001462A46C3
:109470003846F6F779FF6421B0FBF1F000EBC0014C
:1094800001EB0010ABEB8000322101EB00106421F6
:10949000B0FBF1F000F00F00504421688860BDE897
:1094A000F88F0000001001400014014077B581B032
:1094B000044615460298A062A5850020606422201B
:1094C00084F842002C48E16BC8632C48E16B0864C7
:1094D0002B48E16BC8640020E16B086502AE32687E
:1094E0002368191D2B46E06BF8F73CFB38B11020C0
:1094F0006064202084F84200012004B070BD00BFE9
:10950000002000902068006800902068406800906B
:1095100000BF00BF206970B100BF00BF21680C31DF
:1095200051E8001F41F4807021680C3141E80002CD
:10953000002AF3D100BF00BF00BF2168143151E8F9
:10954000001F41F001002168143141E80002002AA7
:10955000F3D100BF00BF00BF2168143151E8001FE4
:1095600041F040002168143141E80002002AF3D1A3
:1095700000BF0020C1E70000938F0008479000085B
:10958000438F0008014691F84100212828D18868BE
:10959000B0F5805F0BD1086948B90A6A1088C0F33A
:1095A00008000B685860086A801C086205E00B6AB6
:1095B000581C086218780B685860C88C401E80B22E
:1095C000C88458B90868C06820F080000B68D8606B
:1095D0000868C06840F040000B68D8600020704701
:1095E0000220FCE710B50248FAF774FE10BD000037
:1095F000CC0A002010B50248FAF76CFE10BD00003E
:10960000140B00202DE9F04104460D46D4F8C87231
:1096100004F53070D4F8D41250F8210010B90320AA
:10962000BDE8F08104F53070D4F8D41250F8216010
:1096300005F00F0000EB800104F1140050F8210048
:1096400028B305F00F0000EB800104F1140050F87E
:10965000211005F00F0000EBC00207F1140000EB31
:1096600082008068B1FBF0F200FB121078B9002193
:1096700005F00F0000EB800204F1140040F8221006
:1096800000231A462946204601F01AF917E0002067
:10969000C6F8140204F53170D4F8D41250F8210041
:1096A000006960B1D6F8080204F53171D4F8D4220B
:1096B00051F822102A460B6906F5047198470020DC
:1096C000AEE770B504460E4604F53070D4F8D412F7
:1096D00050F82150D4F8D41250F8210008B90320D2
:1096E00070BD3146204600F03DFFC5F80C02D5F8AC
:1096F000040204F53171D4F8D43251F82310CA6849
:1097000005F5037190470020EAE7000070B50446B4
:109710000D4630480178204600F0EEFD00212D482E
:10972000007800F00F0000EB800204F1140000EB61
:109730008200C17328480178204600F0DDFD002139
:109740002548007800F00F0000EB800204F5AA70B5
:1097500000EB8200C17321480178204600F0CCFD67
:1097600000211E48007800F00F0000EB800204F199
:10977000140000EB8200C1731848007800F00F005D
:1097800000EB800204F1140000EB8200816004F51C
:109790003070D4F8D41250F82100C8B104F53171FA
:1097A000D4F8D42251F822104868804704F530716B
:1097B000D4F8D42251F8220001F0AEFB002104F5C8
:1097C0003070D4F8D42240F822100020C4F8BC0233
:1097D000002070BD7B0100207C0100207D01002065
:1097E00070B5044604F53070D4F8D41250F8215006
:1097F0000DB9032070BD04F53170D4F8D41250F8BF
:10980000210098B195F80002FF280FD095F80122A9
:1098100095F8000204F53171D4F8D46251F826109D
:109820008B6829469847FF2085F800020020E1E771
:1098300001460A200880014870470000F40000201B
:109840002DE9F041044682210D4800F0E9FB054670
:1098500001210B4800F0E4FB06468121084800F096
:10986000DFFB07460DB11020A8710EB14020B0807B
:109870000FB14020B880432020800148BDE8F0812E
:10988000380100202DE9F041044682210E4800F005
:10989000C7FB054601210C4800F0C2FB06468121AA
:1098A000094800F0BDFB07460DB11020A87116B1A4
:1098B0004FF40070B08017B14FF40070B8804320AF
:1098C00020800148BDE8F081380100202DE9F041F9
:1098D000044682210D4800F0A3FB054601210B48F8
:1098E00000F09EFB06468121084800F099FB0746E0
:1098F0000DB11020A8710EB14020B0800FB14020F2
:10990000B880432020800148BDE8F0813801002064
:1099100070B504460E464FF4077001F0FFFA054695
:1099200045B9002104F53070D4F8D42240F8221053
:10993000022070BD4FF407712846F6F7E0FD04F5EC
:109940003070D4F8D41240F82150D4F8D41250F822
:109950002100C4F8BC02207C98BB4FF400730222A3
:1099600050480178204600F0A3FE01214D480078C0
:1099700000F00F0000EB800204F1140000EB820005
:10998000C1734B02022248480178204600F090FE45
:1099900001214548007800F00F0000EB800204F53B
:1099A000AA7000EB8200C17310214048007800F0DB
:1099B0000F0000EB800204F1140000EB82008160D4
:1099C00032E0FFE74023022236480178204600F0CB
:1099D0006FFE01213348007800F00F0000EB800299
:1099E00004F1140000EB8200C173402302222E48D0
:1099F0000178204600F05CFE01212B48007800F041
:109A00000F0000EB800204F5AA7000EB8200C17326
:109A100010212648007800F00F0000EB800204F1CE
:109A2000140000EB82008160082303221F480178A4
:109A3000204600F03DFE01211C48007800F00F0098
:109A400000EB800204F1140000EB8200C1730020DF
:109A5000C5F8040204F53171D4F8D42251F822106B
:109A6000086880470020C5F81402C5F81802D5F828
:109A7000040208B902205CE7207C48B94FF4007367
:109A8000094801782046D5F8042200F029FE07E0B5
:109A90004023054801782046D5F8042200F020FE36
:109AA000002046E77B0100207C0100207D01002092
:109AB00070B5044604F53070D4F8D41250F8215033
:109AC000D4F8D41250F8210008B9032070BD207CCE
:109AD00048B94FF40073094801782046D5F80422AC
:109AE00000F0FEFD07E04023044801782046D5F849
:109AF000042200F0F5FD0020E8E700007C010020D2
:109B0000024609B90320704702F53170D2F8D43209
:109B100040F823100020F6E710B5024602F5307039
:109B2000D2F8D44250F824300BB9032010BDC3F84A
:109B300004120020FAE730B503460C4603F53070F6
:109B4000D3F8D45250F8251009B9032030BDC1F81C
:109B50000842C1F810220020F8E72DE9FC41054633
:109B60000C4605F53070D5F8D41250F8216000206D
:109B700001900090804616B90320BDE8FC81207852
:109B800000F0600000283DD020287CD1E08868B338
:109B9000207800F08000B8B1E288607805F5317176
:109BA000D5F8D4C251F82C108B6831469847E0881C
:109BB000072801D9072000E0E08807463A463146E9
:109BC000284600F0E5F81CE0607886F80002E0889E
:109BD000402801D2E08800E0402086F8010296F893
:109BE00001223146284600F0AFF80AE0607805F51A
:109BF0003171D5F8D42251F8221000228B68214609
:109C0000984747E0607830B1012832D00A2813D055
:109C10000B282FD121E095F89C02032805D10222C0
:109C20006946284600F0B4F805E02146284600F0D1
:109C30007FF84FF0030824E095F89C02032805D133
:109C4000012201A9284600F0A3F805E02146284694
:109C500000F06EF84FF0030813E095F89C0203281B
:109C600005D02146284600F063F84FF0030808E0CD
:109C700009E006E02146284600F05AF84FF00308B4
:109C800000BF00BF06E02146284600F051F84FF023
:109C9000030800BF00BF40466FE770B504460D469D
:109CA0000026D4F8B802294642682046904700B101
:109CB0000326304670BD70B504460D4694F89C02EC
:109CC000012804D0022803D003280CD101E000BFF2
:109CD00000BF6888012805D10020C4F8A4022046EE
:109CE00000F068F804E02946204600F021F800BFA3
:109CF00000BF70BD0246002070470246002070473A
:109D000070B506460C4615462B46224600213046C5
:109D100000F0E6FC002070BD70B506460C46154606
:109D20002B4622460021304600F0CAFD002070BDBF
:109D300070B504460D468021204600F091FD0021BB
:109D4000204600F08DFD70BD70B504460E461546E8
:109D50000320C4F89402C4F854514FF4B270065171
:109D60004FF4AC7005512B4632460021204600F0DE
:109D7000B7FC002070BD10B504460520C4F894025D
:109D800000231A461946204600F0AAFC002010BD08
:109D900070B504460E4615460220C4F8940265616B
:109DA0006662A5612B4632460021204600F088FD00
:109DB000002070BD10B504460420C4F894020023AE
:109DC0001A461946204600F07BFD002010BD70B5F4
:109DD00004460D46E888012804D029462046FFF7AE
:109DE000A7FF1EE094F89C02012804D0022803D0AB
:109DF000032810D109E000BF0020A060012204F177
:109E000008012046FFF7C4FF0AE00122211D204679
:109E1000FFF7BEFF04E029462046FFF789FF00BF99
:109E200000BF70BDF8B504460E4600200090002724
:109E3000002570880012082875D2DFE800F0C704FA
:109E40000C20C7C7A5B5207CD4F8B4120A686946AF
:109E500090470746C1E0207C40B9D4F8B802816A37
:109E60006846884707460220787007E0D4F8B802B1
:109E7000C16A68468847074602207870ADE0B0782E
:109E8000062878D2DFE800F00316293C5063D4F8A6
:109E9000B402406838B1207CD4F8B4124A686946EC
:109EA0009047074605E031462046FFF741FF681C12
:109EB000C5B267E0D4F8B402806838B1207CD4F829
:109EC000B4128A6869469047074605E03146204645
:109ED000FFF72EFF681CC5B254E0D4F8B402C06886
:109EE00038B1207CD4F8B412CA6869469047074656
:109EF00005E031462046FFF71BFF681CC5B241E074
:109F0000D4F8B402006938B1207CD4F8B4120A69DC
:109F100069469047074605E031462046FFF708FFAF
:109F2000681CC5B22EE051E0D4F8B402406938B1E3
:109F3000207CD4F8B4124A6969469047074605E088
:109F400031462046FFF7F4FE681CC5B21AE0D4F88B
:109F5000B402806940B1207CD4F8B4128A696946A1
:109F60009047074606E006E031462046FFF7E0FE50
:109F7000681CC5B206E031462046FFF7D9FE681CD2
:109F8000C5B200BF00BF28E0207C30B9D4F8B802C9
:109F9000416B68468847074605E031462046FFF793
:109FA000C7FE681CC5B218E0207C40B9D4F8B802DE
:109FB000016B6846884707460720787005E0314600
:109FC0002046FFF7B5FE681CC5B206E031462046C4
:109FD000FFF7AEFE681CC5B200BF00BF05B1F8BDFB
:109FE000F088C0B1BDF8000080B1F088BDF8001065
:109FF000884202DDBDF8000000E0F0880090BDF866
:10A00000002039462046FFF7C3FE07E031462046D0
:10A01000FFF78EFE02E02046FFF7CCFE00BFDEE732
:10A020002DE9F84105460F462C462E464FF0000814
:10A0300070883178884218DD307800900FE06946EA
:10A04000204600F020F804466078052807D1A04695
:10A0500098F80200B84200D106E04FF0000870887E
:10A06000BDF800108842EADC00BF4046BDE8F88138
:10A07000014600200A4602E0431CD8B2521C137865
:10A08000002BF9D1704710B5024610460B880478B2
:10A0900023440B800378981810BD70B504460D4614
:10A0A00094F89C02012804D0022803D003281AD176
:10A0B00001E000BF00BFE888022804D029462046FE
:10A0C000FFF736FE14E00120E060D4F8A40218B1D6
:10A0D000E06840F00200E060022204F10C0120463A
:10A0E000FFF756FE04E029462046FFF721FE00BF99
:10A0F00000BF70BD2DE9F04107460D469046002493
:10A100000FB9BDE8F0813E463046FFF7B1FF0221AE
:10A1100001EB4000B0F5007F01D9080204E03046B1
:10A12000FFF7A6FF4000801CA8F8000098F8000088
:10A130002855601CC4B203202855601CC4B208E036
:10A1400030782855761C601CC4B200202855601C4D
:10A15000C4B230780028F3D100BFD2E70146002016
:10A1600031B1012906D0022906D0032908D105E022
:10A17000002007E0032005E0012003E0032001E0C8
:10A18000032000BF00BF704770B505460C462DB9CF
:10A190002246064906A0FFF7ADFF04E02246034928
:10A1A00003A0FFF7A7FF014870BD0000A00F00202B
:10A1B00043444320436F6E666967000002461220E5
:10A1C00008800148704700003000002070B5054647
:10A1D0000C462DB92246064906A0FFF78BFF04E086
:10A1E0002246034903A0FFF785FF014870BD000028
:10A1F000A00F002043444320496E7465726661637A
:10A2000065000000024604200880014870470000F5
:10A210004400002070B505460C462246024903A0C2
:10A22000FFF768FF004870BDA00F002053544D6930
:10A2300063726F656C656374726F6E69637300003F
:10A2400070B505460C462DB92246064906A0FFF713
:10A2500051FF04E02246034903A0FFF74BFF0148EA
:10A2600070BD0000A00F002053544D3332205669BA
:10A27000727475616C20436F6D506F7274000000D2
:10A2800070B505460C461A202080F6F7CDFC014833
:10A2900070BD0000480000202DE9F04104460D4645
:10A2A000164614B90320BDE8F0810020C4F8B802B6
:10A2B000C4F8C402C4F8D0020DB1C4F8B4520120ED
:10A2C00084F89C022670204600F056F9074638466E
:10A2D000E9E72DE9F04104460D460026002729460E
:10A2E000D4F8C802F7F767FF06463046FFF736FF97
:10A2F00007463846BDE8F0812DE9F04104460D4699
:10A30000002600272946D4F8C802F7F71FFF0646A3
:10A310003046FFF723FF07463846BDE8F0812DE9B8
:10A32000F04705460F469146002F5AD105F1140417
:10A33000D5F8940202284AD1A1896068884213D9CD
:10A34000A1896068401A6060A18920690844206181
:10A35000284662682169FFF7DFFC00231A46194688
:10A36000284600F0BDF932E0A0896168884217D123
:10A37000A1892068884213D32068D5F898128842B2
:10A380000ED2002211462846FFF7C6FC0020C5F871
:10A39000980200231A461946284600F0A1F916E053
:10A3A00095F89C0203280BD1D5F8B802C06838B1E3
:10A3B0000020C5F8D402D5F8B802C16828468847FD
:10A3C0008021284600F04CFA2846FFF7D4FC95F887
:10A3D000A00250B3284600F0CAFA002085F8A00277
:10A3E00023E047F080012846FFF784FC0646FF2E55
:10A3F0001BD0D6B995F89C02032816D105F52E700E
:10A4000050F82600406980B1C5F8D46205F52E7079
:10A4100050F8260039464269284690478046B8F1F0
:10A42000000F02D04046BDE8F0870020FBE72DE991
:10A43000F04705460F4691464FF00008002F55D1D2
:10A4400005F5AA76D5F89402032873D1B18970680E
:10A45000884214D9B1897068401A7060B189306936
:10A4600008443061B3897068984201D9706800E08F
:10A47000B089024628463169FFF742FC5AE095F858
:10A48000AA0200F01F0020B1012804D0022812D136
:10A4900009E0002411E040F2AE20415D2846FFF7BC
:10A4A0002CFC044609E040F2AE20415D2846FFF74F
:10A4B00021FC044601E0002400BF00BF94B995F8D8
:10A4C0009C0203280ED105F52E7050F82400006977
:10A4D00040B1C5F8D44205F52E7050F8240001694A
:10A4E000284688472846FFF765FC23E007F07F01F0
:10A4F0002846FFF7FFFB0446FF2C1BD0D4B995F884
:10A500009C02032810D105F52E7050F824008069B4
:10A5100050B1C5F8D44205F52E7050F824003946E4
:10A520008269284690478046B8F1000F02D0404625
:10A53000BDE8F0870020FBE701460020704770B5BA
:10A5400004460025012084F89C02D4F8B80238B1F2
:10A550002179D4F8B80242682046904700B103251B
:10A56000284670BD70B504460D462946D4F8C80289
:10A57000F7F75FFE70BD000010B504462078012893
:10A580002CD11748C0F8E044C4F8C8021548144953
:10A5900008600620087102211148C17100218171F3
:10A5A0000221417200218172C17201738173C173F2
:10A5B0000174F8F793FA08B1F6F726FB4FF400712F
:10A5C0000748F7F748FD802200210548F7F748FDC6
:10A5D0004FF4BA7201210248F7F742FD002010BD86
:10A5E000A02100200000044010B50246D2F8C83275
:10A5F00001F08000802809D101F07F0000EBC00449
:10A6000003F1140000EB8400807810BD01F07F009E
:10A6100000EBC00403F5157000EB84008078F4E7CC
:10A6200070B504460D4604F52E70D4F8D41250F8D7
:10A63000210008B9032070BD94F89C02032811D1B1
:10A6400004F52E70D4F8D41250F82100006A48B1F5
:10A6500004F52E70D4F8D41250F821002946026A6D
:10A66000204690470020E6E770B504460D4604F505
:10A670002E70D4F8D41250F8210008B9032070BD10
:10A6800094F89C02032811D104F52E70D4F8D4124A
:10A6900050F82100406A48B104F52E70D4F8D41265
:10A6A00050F821002946426A204690470020E6E7FC
:10A6B0002DE9F04704460F4615461E464FF00008A8
:10A6C000C1462B4632463946D4F8C802F7F7BCFDDE
:10A6D00080464046FFF742FD81464846BDE8F08788
:10A6E0002DE9F04704460D4616461F464FF0000878
:10A6F000C1463B4632462946D4F8C802F7F7EBFD7F
:10A7000080464046FFF72AFD81464846BDE8F0876F
:10A7100070B504460025012084F89C020020C4F88E
:10A7200094026060C4F8A40284F8A002D4F8B802CD
:10A7300058B1D4F8B802406838B12179D4F8B802D9
:10A7400042682046904700B103254023002211466D
:10A750002046FFF7ADFF012140F263100155402173
:10A76000C01E01534023002280212046FFF7A0FF96
:10A7700001212320015540212184284670BD014636
:10A7800091F89C02042803D191F89D0281F89C0263
:10A790000020704710B5044694F89C0203280BD1A2
:10A7A000D4F8B80240B1D4F8B802C06920B1D4F8E6
:10A7B000B802C16920468847002010BD02461174C6
:10A7C000002070472DE9F04104460D460026002781
:10A7D0002946D4F8C802F8F7A1FA06463046FFF732
:10A7E000BDFC07463846BDE8F08170B504460D460D
:10A7F000294604F2AA2000F07BF80120C4F8940254
:10A800004FF42C70005BC4F8980294F8AA0200F090
:10A810001F0020B1012809D0022815D10DE004F253
:10A82000AA21204600F088F9064616E004F2AA2183
:10A83000204600F01AFB06460FE004F2AA2120464B
:10A8400000F0D1F9064608E094F8AA0200F0800171
:10A85000204600F005F8064600BF00BF304670BD38
:10A860002DE9F04104460D46002600272946D4F87C
:10A87000C802F7F753FD06463046FFF76FFC074660
:10A880003846BDE8F08170B5044600250026D4F8AE
:10A89000C802F8F766FA05462846FFF75FFC064649
:10A8A000304670BD014691F89C02042803D091F80F
:10A8B0009C0281F89D02042081F89C0200207047D0
:10A8C0002DE9F04704460D4616461F464FF0000896
:10A8D000C1463B4632462946D4F8C802F7F763FD25
:10A8E00080464046FFF73AFC81464846BDE8F0877F
:10A8F00070B505460E46344620782870641C2078D2
:10A900006870641C2046FDF7B5FF6880641C641CF9
:10A910002046FDF7AFFFA880641C641C2046FDF7AD
:10A92000A9FFE88070BD38B504460D4600200090B0
:10A930000DB9032038BDC4F8B85204F52E70D4F810
:10A94000D41250F82100C06A50B104F52E70D4F82A
:10A95000D42250F82200C16A68468847C4F8D00261
:10A96000D4F8D802401CC4F8D8020020E2E701461F
:10A970000020704770B504460D46A88810BBE888D3
:10A9800000BB688880281DD2A87800F07F0694F864
:10A990009C02032804D129462046FFF7C9F915E097
:10A9A00084F89E6231462046FFF70CFF2046FFF7F1
:10A9B00001FA1EB1022084F89C0207E0012084F80D
:10A9C0009C0203E029462046FFF7B2F970BD70B53E
:10A9D00004460D460026D4F8B80230B1D4F8B802C7
:10A9E00029460268204690470646304670BD000062
:10A9F00070B504460E460025B0783D4908700846FB
:10AA00000078012805D931462046FFF791F9032047
:10AA100070BD94F89C02022802D0032859D11FE08F
:10AA200033480078C0B1324800786060304801781F
:10AA30002046FFF7CCFF05463DB131462046FFF7E3
:10AA400077F9022084F89C0209E02046FFF7B2F96A
:10AA5000032084F89C0202E02046FFF7ABF943E0B4
:10AA60002348007870B9022084F89C0220480078BE
:10AA700060601F4801782046FFF70FF92046FFF776
:10AA800099F925E01A490978606888421DD0217932
:10AA90002046FFF702F916480078606014480178F4
:10AAA0002046FFF794FF05465DB131462046FFF78B
:10AAB0003FF921792046FFF7F0F8022084F89C0244
:10AAC00006E02046FFF776F902E02046FFF772F92C
:10AAD0000AE031462046FFF72BF905480178204669
:10AAE000FFF7DBF8032500BF00BF284690E7000012
:10AAF000F000002070B505460C466088012805D19D
:10AB0000C5F8A4022846FFF755F90EE06088022830
:10AB100007D1A088001285F8A0022846FFF74AF95D
:10AB200003E021462846FFF703F970BD10B504463F
:10AB30002046FFF7A8FE10BD70B504460D4600265E
:10AB4000287800F0600088B1202802D0402842D147
:10AB500000E000BF04F52E70D4F8D41250F82100A4
:10AB60002946826820469047064639E068780A28D8
:10AB70002AD2DFE800F01A24291F290A0529150F17
:10AB800029462046FFF74EF923E029462046FFF7E5
:10AB9000F1FE1EE029462046FFF72AFF064618E090
:10ABA00029462046FFF713F913E029462046FFF710
:10ABB00074FA0EE029462046FFF79CFF09E029467B
:10ABC0002046FFF778F804E029462046FFF7B0F862
:10ABD00000BF00BF04E029462046FFF7A9F800BFE8
:10ABE00000BF304670BD2DE9F04705460F464FF0D7
:10ABF00000093C79387800F06000F8B1202802D0D4
:10AC000040287DD100E000BF21462846FFF772F8BA
:10AC10000646FF2E11D086B9C5F8D46205F52E7010
:10AC200050F82600806840B105F52E7050F82600D7
:10AC30003946826828469047814612E17878002894
:10AC40007AD001282FD003286ED195F89C020228D3
:10AC500002D0032820D110E054B1802C08D0214626
:10AC60002846FFF7FDFD80212846FFF7F9FD03E0A8
:10AC700039462846FFF75CF813E0788840B93CB1C4
:10AC8000802C05D0F88818B921462846FFF7E8FD42
:10AC90002846FFF78FF804E039462846FFF748F8C2
:10ACA00000BF00BFD6E095F89C02022802D003281E
:10ACB0003BD110E054B1802C08D021462846FFF744
:10ACC000CFFD80212846FFF7CBFD03E0394628461B
:10ACD000FFF72EF82EE0788820BB04F07F0018B133
:10ACE00021462846FFF7F5FA2846FFF763F8214684
:10ACF0002846FEF7FFFF0646FF2E13D096B900E068
:10AD0000AAE0C5F8D46205F52E7050F826008068D8
:10AD100040B105F52E7050F8260039468268284665
:10AD20009047814606E007E08FE039462846FEF767
:10AD3000FFFF00BF00BF8DE095F89C02022802D003
:10AD400003287BD127E034B1802C04D03946284633
:10AD5000FEF7EEFF77E004F08000802808D104F0D1
:10AD60007F0000EB800105F1140000EB810007E09B
:10AD700004F07F0000EB800105F5AA7000EB810074
:10AD80008046002088F80E00022208F10E012846B5
:10AD9000FEF7FEFF57E004F0800080280ED104F09B
:10ADA0000F0000EB800105F1140000EB8100C07B77
:10ADB00098B939462846FEF7BBFF44E004F00F007F
:10ADC00000EB800105F5AA7000EB8100C07B20B983
:10ADD00039462846FEF7ACFF35E004F080008028B5
:10ADE00008D104F07F0000EB800105F1140000EBB6
:10ADF000810007E004F07F0000EB800105F5AA70F8
:10AE000000EB810080460CB1802C03D1002088F833
:10AE10000E000CE021462846FFF7E6FB20B101209A
:10AE200088F80E0003E009E0002088F80E000222F6
:10AE300008F10E012846FEF7ABFF04E0394628462C
:10AE4000FEF776FF00BF00BF04E039462846FEF754
:10AE50006FFF00BF00BF04E039462846FEF768FFD9
:10AE600000BF00BF4846BDE8F0872DE9F041054628
:10AE70000E460027307800F0600030B1202802D064
:10AE8000402840D100E000BF00BF95F89C02012897
:10AE900004D0022803D003282ED101E000BF00BF58
:10AEA0003079012823D831792846FEF726FF044659
:10AEB000FF2C14D09CB905F52E7050F82400806842
:10AEC00058B1C5F8D44205F52E7050F8240031462B
:10AED000826828469047074602E0032700E00327E0
:10AEE000F08840B93FB92846FEF764FF03E03146D9
:10AEF0002846FEF71DFF04E031462846FEF718FFFE
:10AF000000BF00BF04E031462846FEF711FF00BF36
:10AF100000BF3846BDE8F081704700000146014897
:10AF2000704700008426002070B504460B46224678
:10AF30001978587801282CD140F61C0080581D78CB
:10AF400005F00F060125B540ADB2284340F61C05BB
:10AF5000A85002F5106000EB4110006800F40040BA
:10AF6000F0BB1889C0F30A001D7940EA854040EA29
:10AF7000815040F0805040F4004002F5106505EB30
:10AF800041152D68284302F5106505EB4115286031
:10AF90002DE040F61C0080581D7805F00F060125B5
:10AFA000B540144E06EA0545284340F61C05A85056
:10AFB00002F5306000EB4110006800F4004078B901
:10AFC0001889C0F30A001D7940EA854040F080509E
:10AFD00040F4004002F5306505EB41152D6800E0B6
:10AFE00005E0284302F5306505EB41152860002097
:10AFF00070BD00000000FFFF01460A464FF41060DC
:10B000008058C30ADB024FF41060835040F60400FE
:10B01000805840F4807340F604008350002070474D
:10B020000FB470B504469DF81900012818D1A06B23
:10B0300020F48030A063E0681B490840E060E068CD
:10B0400020F44010E0609DF82000012803D1E06862
:10B0500040F48010E060204600F028F8054613E038
:10B06000E06840F04000E060204600F01FF8054630
:10B070009DF81D0020B9A06B40F48030A06303E070
:10B08000A06B20F48030A0639DF81600012807D142
:10B09000A06840F00600A060A06840F02000A0601A
:10B0A000284670BC5DF814FBBFFFBDFF08B5014624
:10B0B0000020009000BF0098401C00900098B0F164
:10B0C000706F01D9032008BD086900F00040002816
:10B0D000F1D00A20009002E00098401E00900098F5
:10B0E0000028F9D1086940F00100086100BF00980C
:10B0F000401C00900098B0F1706F01D90320E2E786
:10B10000086900F001000028F1D100BFDBE7000072
:10B1100070B504460B46224619785878012848D164
:10B1200002F5106000EB4110006800F00040B0F143
:10B13000004F17D102F5106000EB4110006840F09D
:10B14000006502F5106000EB4110056002F510602B
:10B1500000EB4110006840F0804502F5106000EB04
:10B160004110056040F63C0080581D7805F00F0640
:10B170000125B540ADB2A84340F63C05A85040F6C5
:10B180001C0080581D7805F00F060125B540ADB2B2
:10B19000A84340F61C05A85002F5106000EB4110D2
:10B1A00000682B4D284002F5106505EB411528601D
:10B1B0004BE002F5306000EB4110006800F0004009
:10B1C000B0F1004F17D102F5306000EB411000687C
:10B1D00040F0006502F5306000EB4110056002F5BB
:10B1E000306000EB4110006840F0804502F53060AF
:10B1F00000EB4110056040F63C0080581D7805F0DA
:10B200000F060125B540134E06EA0545A84340F652
:10B210003C05A85040F61C008558187800F00F0631
:10B220000120B0400B4E06EA0040854340F61C006A
:10B23000855002F5306000EB41100068064D284053
:10B2400002F5306505EB41152860002070BD000057
:10B25000007833EC0000FFFF0078F3EF01460A4668
:10B26000D2F8000E20F00300C2F8000E40F60400F1
:10B27000805820F0020340F60400835000207047FD
:10B2800001460A46D2F8000E20F00300C2F8000E74
:10B2900040F60400805840F0020340F6040083505A
:10B2A000002070470FB4F0B5054600272E46002455
:10B2B00005E0002105F5827040F82410641C0F2C75
:10B2C000F7D39DF82200A0B940F60400805940F061
:10B2D000020140F604008151A86B40F40010A863FD
:10B2E000A86B20F40020A863A86B20F48020A8633A
:10B2F00007E0A86B20F40010A863A86B40F40020BE
:10B30000A8630020C6F8000E9DF81D0001280CD18E
:10B310009DF81B0020B90021284600F00AFD08E036
:10B320000121284600F005FD03E00321284600F036
:10B3300000FD1021284600F002FC00B1012728463C
:10B3400000F0D5FB00B1012700214FF401608151CD
:10B35000001D815140F61C00815100242EE006F5AD
:10B36000106000EB4410006800F00040B0F1004FA6
:10B3700010D13CB94FF0006106F5106000EB4410AD
:10B3800001600DE04FF0904106F5106000EB4410B5
:10B39000016005E0002106F5106000EB441001603B
:10B3A000002106F5106000EB441001614FF67F317B
:10B3B00006F5106000EB44108160641C9DF81800D5
:10B3C000A042CCD800242EE006F5306000EB4410FB
:10B3D000006800F00040B0F1004F10D13CB94FF0D0
:10B3E000006106F5306000EB441001600DE04FF0A5
:10B3F000904106F5306000EB4410016005E000214B
:10B4000006F5306000EB44100160002106F5306065
:10B4100000EB441001614FF67F3106F5306000EB20
:10B4200044108160641C9DF81800A042CCD84FF4F1
:10B430000160805920F480714FF401608151002037
:10B44000A8616FF0804068619DF81A0018B9A8697A
:10B4500040F01000A861A8690A490843A8619DF856
:10B460001E0018B1A86940F00800A8619DF82200EC
:10B47000012803D1A86904490843A8613846F0BCF3
:10B480005DF814FB00383C800400004001468868E9
:10B4900020F00100886000207047000070B503466E
:10B4A0000C4619461D6C1848854209D94FF4306086
:10B4B000405800F00040B0F1004F01D1002070BDB5
:10B4C0000026C1F8106BD1F8100B40F40026C1F82B
:10B4D000106BD1F8100B40F01806C1F8106BD1F8C2
:10B4E000100B40F0C046C1F8106B012C09D1C1F817
:10B4F000142B4FF43060405840F080264FF43060F9
:10B5000046500020DBE700000A30544F30B50446B7
:10B510000B4622461978587801281ED102F5106092
:10B5200000EB4110006820F4001502F5106000EBFC
:10B53000411005601879032802D0187902282AD111
:10B5400002F5106000EB4110006840F0805502F5F4
:10B55000106000EB411005601DE002F5306000EB6B
:10B560004110006820F4001502F5306000EB411036
:10B5700005601879032802D0187902280BD102F54A
:10B58000306000EB4110006840F0805502F53060FB
:10B5900000EB41100560002030BD30B504460B467D
:10B5A000224619785878012821D102F5106000EB65
:10B5B0004110006800F0004060B959B102F5106018
:10B5C00000EB4110006820F0804502F5106000EBB0
:10B5D0004110056002F5106000EB4110006840F476
:10B5E000001502F5106000EB4110056020E002F547
:10B5F000306000EB4110006800F0004060B959B1C4
:10B6000002F5306000EB4110006820F0804502F543
:10B61000306000EB4110056002F5306000EB411036
:10B62000006840F4001502F5306000EB4110056041
:10B63000002030BD2DE9F84381460E4690464D4628
:10B640003478707801287DD1306920BB05F5106011
:10B6500000EB44100069E649084005F5106101EB74
:10B660004411086105F5106000EB4410006940F4D6
:10B67000002105F5106000EB4410016105F5106034
:10B6800000EB44100069C10CC90405F5106000EB23
:10B69000441001616FE005F5106000EB4410006993
:10B6A000C10CC90405F5106000EB4410016105F5FB
:10B6B000106000EB44100069CD49084005F51061A9
:10B6C00001EB4411086194B9B1683069884201D92D
:10B6D000B068306105F5106000EB4410006940F47B
:10B6E000002105F5106000EB4410016135E0B16800
:10B6F00030690844401EB0FBF1F087B205F51060D8
:10B7000000EB44100069BA49C94301EAC741084344
:10B7100005F5106101EB44110861307901281CD155
:10B7200005F5106000EB4410006920F0C04105F5FC
:10B73000106000EB4410016105F5106000EB44104F
:10B74000006900E099E04FF0C04101EA4771084309
:10B7500005F5106101EB4411086105F5106000EB7F
:10B76000441000693169C1F31201084305F5106105
:10B7700001EB44110861B8F1010F36D1F06928B12D
:10B7800005F5106000EB4410F16941613079012842
:10B790001ED140F60800405900F4807060B905F5EC
:10B7A000106000EB4410006840F0005105F5106097
:10B7B00000EB441001600BE005F5106000EB441055
:10B7C000006840F0805105F5106000EB4410016006
:10B7D00005F5106000EB4410006840F0044105F5E9
:10B7E000106000EB44100160FEE005F5106000EB16
:10B7F0004410006840F0044105F5106000EB44106F
:10B800000160307901280FD030690028ECD040F673
:10B8100034004059317801F00F0201219140084372
:10B8200040F634014851DFE040F60800405900F48A
:10B83000807060B905F5106000EB4410006840F0BE
:10B84000005105F5106000EB441001600BE005F5B8
:10B85000106000EB4410006840F0805105F5106066
:10B8600000EB44100160CDF80080308A83B232785A
:10B870004846F16800F0DAFAB6E005F5306000EB12
:10B8800044100069C10CC90405F5306000EB441098
:10B89000016105F5306000EB44100069544908402F
:10B8A00005F5306101EB4411086104BB306908B152
:10B8B000B0683061B068306205F5306000EB44106C
:10B8C0000069316AC1F31201084305F5306101EBEB
:10B8D0004411086105F5306000EB4410006940F444
:10B8E000002105F5306000EB4410016143E0306950
:10B8F000D0B905F5306000EB44100069B168C1F3C0
:10B900001201084305F5306101EB4411086105F5AA
:10B91000306000EB4410006940F4002105F5306010
:10B9200000EB4410016126E0B16830690844401E14
:10B93000B0FBF1F087B2B0687843306205F5306053
:10B9400000EB441000692A49C94301EAC741084392
:10B9500005F5306101EB4411086105F5306000EB3D
:10B9600044100069316AC1F31201084305F53061E2
:10B9700001EB44110861B8F1010F07D1F06828B15B
:10B9800005F5306000EB4410F16841613079012821
:10B990001ED140F60800405900F4807060B905F5EA
:10B9A000306000EB4410006840F0005105F5306055
:10B9B00000EB441001600BE005F5306000EB441033
:10B9C000006840F0805105F5306000EB44100160E4
:10B9D00005F5306000EB4410006840F0044105F5C7
:10B9E000306000EB441001600020BDE8F8830000E7
:10B9F000FFFF07E078B503460024009400201A46B4
:10BA00004C78012C35D10C7802F5106505EB441407
:10BA1000246804F00044B4F1004F60D10C7805EBC9
:10BA20004414246844F000660C7805EB4414266046
:10BA30000C7805EB4414246844F080460C7805EB40
:10BA40004414266000BF009C641C009442F21075F0
:10BA5000009CAC4201D901200AE00C7802F5106587
:10BA600005EB4414246804F00044B4F1004FEAD01C
:10BA700035E00C7802F5306505EB4414246804F0D9
:10BA80000044B4F1004F2AD10C7805EB441424682B
:10BA900044F000660C7805EB441426600C7805EB46
:10BAA0004414246844F080460C7805EB4414266066
:10BAB00000BF009C641C009442F21075009CAC42D4
:10BAC00001D901200AE00C7802F5306505EB441439
:10BAD000246804F00044B4F1004FEAD000BF78BD00
:10BAE0000146886840F0010088600020704708B572
:10BAF00001460020009000BF0098401C0090009874
:10BB0000B0F1706F01D9032008BD086900F0004052
:10BB10000028F1D0002000901020086100BF00989C
:10BB2000401C00900098B0F1706F01D90320EBE742
:10BB3000086900F010001028F1D00020E4E708B5F3
:10BB400002460020009000BF0098401C0090009822
:10BB5000B0F1706F01D9032008BD106900F00040FA
:10BB60000028F1D000200090202040EA81101061D0
:10BB700000BF0098401C00900098B0F1706F01D990
:10BB80000320E9E7106900F020002028F1D0002010
:10BB9000E2E710B501460B4640F60804E45804F00D
:10BBA00006020AB9002006E0022A01D0062A01D1C5
:10BBB000022000E00F2010BD0146486900F001009E
:10BBC000704701460B4640F61800C258001DC05889
:10BBD000024090B2704701460B4640F61800C2582A
:10BBE000001DC0580240100C704770B50246134645
:10BBF0004FF40166F45840F63406F55801F00F068C
:10BC000025FA06F606F0010644EAC61403F51066A6
:10BC100006EB4116B66806EA040070BD10B5024690
:10BC2000134603F5306404EB4114A06840F6140495
:10BC3000E458204010BD014648698A6910407047A9
:10BC40002DE9F04104460D46274628464FEA920C5E
:10BC500002F0030300210AE04FF4805858F80780EF
:10BC6000C0F80080401C401C401C401C491C614521
:10BC7000F2D39BB100214FF4805858F8076000BF01
:10BC80004FEAC10826FA08F880F80080491C401CD9
:10BC9000A3F101081FFA88F3002BF1D1BDE8F08170
:10BCA00070B504460E460025E06820F0C040E06014
:10BCB000012E10D1E06840F00050E06000BF0A2083
:10BCC000F5F79AFF0A352046FFF776FF012815D0D1
:10BCD000C82DF4D312E07EB9E06840F08040E06007
:10BCE00000BF0A20F5F788FF0A352046FFF764FFFA
:10BCF00020B1C82DF5D301E0012070BDC82D01D1C0
:10BD00000120FAE70020F8E710B502460B4611467D
:10BD1000D1F8000820F4FE60C1F80008D1F800084E
:10BD20004FF4FE6404EA03142043C1F80008002025
:10BD300010BD02461346D3F800080843C3F80008B4
:10BD40000020704730B503461446022C49D12D48D7
:10BD5000814204D32C48814201D20F2245E02A4877
:10BD6000814204D32948814201D20E223DE0274876
:10BD7000814204D32648814201D20D2235E0244875
:10BD8000814204D32348814201D20C222DE0214874
:10BD9000814204D32048814201D20B2225E01E4873
:10BDA000814204D31D48814201D20A221DE01B4872
:10BDB000814204D31A48814201D2092215E0184871
:10BDC000814204D31748814201D208220DE0154870
:10BDD000814204D31448814201D2072205E00622A1
:10BDE00003E00CB9092200E00922D86820F4705061
:10BDF000D860D8684FF4705505EA82252843D8608A
:10BE0000002030BDC0ACD800C0E1E4000024F40044
:10BE100080730601A0491A01002D310140A44C0194
:10BE200000366E0120ABA6010048E8012DE9F04381
:10BE300004460D461E46DDF81CC0A0462946BCF14E
:10BE4000000F12D1F01C870800230CE0D1F80090FD
:10BE500008F5805000EB0230C0F80090491C491CE6
:10BE6000491C491C5B1CBB42F0D30020BDE8F08399
:10BE700000BFFEE74100080218BF04200A0E18BFE9
:10BE800040F001004FF07F4232EA010108BF40F06C
:10BE90000200012808BF0520704700000248006822
:10BEA000C0F30220704700000CED00E010B5002840
:10BEB00004DB0A07130E054A135406E00A07140EA2
:10BEC000034A00F00F031B1FD45410BD00E400E030
:10BED00018ED00E010B54FF00E402DED028BB0EEE6
:10BEE000408A18EE104A00EB4400B0F1506F4AD877
:10BEF0004FF0FC40B0EB440F22D2B0EEC80AF7EE90
:10BF0000000A30EEC00AF6EE000A60EE208A18EE53
:10BF1000900A03F087FD01EE100A14F0004F1DBFD8
:10BF2000DFED2D0A9FED2D0AB1EE411ADFED2C0A4F
:10BF300008BF9FED2C0AF8EE001A21EE218A05E0D9
:10BF4000DFED290A68EE088AB0EE600A9FED271A35
:10BF5000DFED271A30EE080A48EE811A9FED251A08
:10BF600008EEA11ADFED241A48EE811A9FED231A7C
:10BF700008EEA11A68EE281ABDEC028B01EE810AC8
:10BF800030EE200A10BD4FF0E440B0EB440F0CD966
:10BF900018EE100AFFF76EFF042808BF00F0F4FA4D
:10BFA000B0EE480ABDEC028B10BD4FF07F40B0EB05
:10BFB000440F07D2B0EE480ABDEC028BBDE810403A
:10BFC00000F0D3BA0120F4F7C9FABDEC028BBDE84A
:10BFD000104000F0D1BA00000000C9BF22AAFDB98C
:10BFE0000000C93F22AAFD390000000024FE1C3DCC
:10BFF000C78AD83C1E67383D1B93993DAFAA2A3E9D
:10C0000010EE100A10B510EE901A4FF0684202EBD5
:10C0100040032DED028BB3F1654F3CBF02EB4102B3
:10C02000B2F1654F7CD200BFC0F3C753C1F3C75212
:10C030009A1A1B2A09DD10F0004F14BF9FED6E0AFB
:10C040009FED6E0ABDEC028B10BD12F11A0F1BDAC8
:10C0500011F0004F09D010F0004F0CBF9FED680A9F
:10C060009FED680ABDEC028B10BD80EE208A18EEB1
:10C07000100AFFF7FFFE042808BF00F085FAB0EEB3
:10C08000480ABDEC028B10BD4200B2EB410F37D91C
:10C0900010F0004F19BFDFED5C1A9FED5C1ADFED69
:10C0A0005C1A9FED5C1AB0EE602A0A46F1EE400A77
:10C0B00080F00041B0EE420A10460A1A5200B2F176
:10C0C000807F34D2484010F0004FDFED532A9FEDBF
:10C0D000533A1DBFBEEE002A71EEE21A31EE431A4A
:10C0E000B6EE002A04BF71EEA21A31EE031AF0EE8A
:10C0F000402A42EE602A40EE020A82EEA02A18E0B0
:10C1000011F0004F04BF9FED461AF0EE411AD4D053
:10C1100010F0004F1CBFDFED431A9FED431A00E003
:10C1200026E004BFDFED411A9FED411AC5E780EE1E
:10C13000202A22EE020ADFED3F0ADFED3F2ABDECA6
:10C14000028B40EE202ADFED3D0A40EE220ADFEDB1
:10C150003C2A40EE202ADFED3B0A40EE220A22EE86
:10C16000000A00EE201A31EE020A30EE210A10BD5C
:10C170004FF07F42B2EB400F28BFB2EB410F05D228
:10C18000BDEC028BBDE8104000F0F2B940EA0103BB
:10C190005B0008BF41F0FF410BD0B2EB400F08BF7E
:10C1A000B2EB410F08D120F0804000EE100A21F0E0
:10C1B000804100EE901A37E7B2EB400F12BF5FEA02
:10C1C000410240F0FF4001F000413FF42DAF4A0032
:10C1D00092EA40033FF528AF002AACBF9FED1A1A40
:10C1E0009FED1A1A20EE010A60EE810A10EE100A85
:10C1F00010EE901A18E70000DB0FC9BFDB0FC93F34
:10C20000DB0F4940DB0F49C00000C9BF22AAFDB9BE
:10C210000000C93F22AAFD390060ED3EC30ACE37B7
:10C2200000000000000049C022AA7DBA0000494079
:10C2300022AA7D3A2DAD65BD8FB8D53D0FB511BE93
:10C2400061C84C3EA8AAAABE0000804F0000802F03
:10C2500010EE101A08B5444A6846B2EB410F28D9CF
:10C260004FF0E640B0EB410F94BF00204FF0FF309D
:10C2700000900098002861DB60EE000A10F0010FCA
:10C2800045D010F0020FDFED391A9FED391A00EE9C
:10C29000E11ADFED381A40EE811A21EEA01AF0EE15
:10C2A000400A40EE010A08BFF1EE600AB0EE600AF3
:10C2B00008BD314B21F0004293423CD911F0004FB0
:10C2C000DFED2E0A20EE201ADFED2D0A19BF31EE28
:10C2D000601A71EE200A31EE201A71EE600ABDEE8E
:10C2E000E01A11EE100A9FED271A00F0030000EE8D
:10C2F000C10A9FED251A009000EEC10A9FED231A96
:10C3000000EEC10A9FED221A00EEC10AB1E79FEDCF
:10C31000211A9FED210A10F0020F00EE810A9FED15
:10C320001F1A00EE801AB7EE000A00EE810A18BF4D
:10C33000B1EE400A08BD00F02FF99AE710EE100A9E
:10C340004000B0F17F4F3CBFB7EE000A08BD07D1F7
:10C350004FF00100F4F702F9BDE8084000F00CB915
:10C36000BDE8084000F001B9B61F927E336D4C392C
:10C37000DA82083CA0AA2ABE490E494683F9223F28
:10C380000000004B0000C93F00A0FD390020A2338F
:10C390001A61342CB93AB2BACA9F2A3DDDFFFFBEFA
:10C3A00000B510EE101A2DED028B81B0524A68468E
:10C3B000B2EB410F2ED94FF0E640B0EB410F94BFE6
:10C3C00000204FF0FF3000900098B0EE408A002827
:10C3D0006ADB10F0010F4BD068EE080A9FED471A98
:10C3E0009FED470A00EE810A9FED461A10F0020FFA
:10C3F00000EE801AB7EE000A00EE810A02BF01B01B
:10C40000BDEC028B00BD00BF01B0B1EE400ABDEC37
:10C41000028B00BD3C4B21F00042934241D911F008
:10C42000004FDFED3A0A20EE201ADFED390A19BF7E
:10C4300031EE601A71EE200A31EE201A71EE600AB8
:10C44000BDEEE01A11EE100A9FED321A00F0030063
:10C4500000EEC10A9FED301A009000EEC10A9FED78
:10C460002F1A00EEC10A9FED2E1A00EEC10AABE7AB
:10C4700028EE080A9FED2B1ADFED2B0A10F0020FB1
:10C4800040EE410A9FED291A00EE201A61EE000AE3
:10C49000B0EE480A08EE200AB6D101B0BDEC028B1E
:10C4A00000BD00F079F88FE718EE100A4000B0F1F7
:10C4B0007F4F0DD218EE100AFFF7DCFC042808BFEE
:10C4C00000F062F8B0EE480A01B0BDEC028B00BD8E
:10C4D00009D10120F4F742F801B0BDEC028B5DF800
:10C4E00004EB00F049B801B0B0EE480ABDEC028B95
:10C4F0005DF804EB00F039B8B61F927EB93AB2BAD3
:10C50000CA9F2A3DDDFFFFBE490E494683F9223FFF
:10C510000000004B0000C93F00A0FD390020A233FD
:10C520001A61342C336D4C39DA82083CA0AA2ABE39
:10C5300010B52DED028BB1EEC08A18EE100A20F076
:10C540000040C0F1FF40C00F0AD010EE100A20F0EA
:10C550000040C0F1FF40C00F04BF0120F3F7FEFF11
:10C56000B0EE480ABDEC028B10BD30EE000A7047F9
:10C5700030EE200A70470000DFED020A80EEA00ACC
:10C5800070470000000000009FED020A20EE000A44
:10C5900070470000000000102DE9F0014FF07F42CD
:10C5A000B2EB410F9FBF4FF0FF310160BDE8F001DA
:10C5B00070474FF0004242EA0123C1F3C752783A74
:10C5C000551112F01F0C434CCCF120067C44C1F3F2
:10C5D000C752A2F178024FEA621204EB820254F8C9
:10C5E000254008BFD2E9015612D0556804FA0CF470
:10C5F00025FA06F73C43976805FA0CF527FA06F882
:10C60000D26807FA0CFCF24045EA08054CEA02063B
:10C61000A4FB034CA5FB0352A6FB03631D449D42F0
:10C6200034BF012600261319334416B1934202D9B0
:10C6300003E0934201D2012200E00022624402F1B1
:10C64000200C9206DC0C42EA443200EE102A5B0316
:10C65000DFED210AF8EEC01A00EE103A4FEA9C1CFA
:10C6600011F0004FB8EE400AC0F800C020EE201ACA
:10C6700000EE105ADFED190AB8EE400A20EE200A4B
:10C6800071EE810A70EE800A10EE902A02F50062C7
:10C690006FF30B0200EE902A70EEE11A31EEC11A30
:10C6A000DFED101A30EE411A9FED0D0A20EE800AE0
:10C6B00001EE210A9FED0C1A00EE810A04BFBDE8CD
:10C6C000F0017047CCF180510160BDE8F001B1EE9E
:10C6D000400A7047884C0000000000360000802CA3
:10C6E00022AAFD29DB0FC92F0000C92F10B59FED2D
:10C6F0007C3A4FF07E51F7EE003ADFED7A1ADFED2B
:10C700007A2AF5EEC00A794AF1EE10FA3BDD80EEA6
:10C71000201A0023B5EEC01AF1EE10FA02D201235E
:10C72000B1EE411A11EE104A8C4214DD83EE810AFB
:10C730000121C1F1090402EB8404B0EE611AD4EDC9
:10C74000000A491C0A29F0EE601A40EE011AF0DBDB
:10C7500032EEE10A11E00121C1F1090402EB840487
:10C76000F0EE610A94ED000A491C0A29F0EE401A25
:10C7700041EE201AF0DB31EE830A0BB1B1EE400A34
:10C7800080ED000A9EE0F5EEC00AF1EE10FA7DD2CF
:10C790009FED572AB5EEC00AF1EE10FA39DD80EEB2
:10C7A000201A0023B5EEC01AF1EE10FA02D20123CE
:10C7B000B1EE411A11EE104A8C4214DD83EE810A6B
:10C7C0000121C1F1090402EB8404F0EE610A94ED49
:10C7D000001A491C0A29F0EE411A40EE201AF0DB3B
:10C7E00032EEE10A0FE00121C1F1090402EB8404F9
:10C7F000491C94ED000A0A2901EE210AF0EE401AC4
:10C80000F2DB31EE830A0BB1B1EE400A30EE020AE0
:10C81000B6E7B5EEC00AF1EE10FA3DD280EE201A6E
:10C820000023B5EEC01AF1EE10FA02D20123B1EEE8
:10C83000411A11EE104A8C4214DD83EE810A012167
:10C84000C1F1090402EB8404B0EE611AD4ED000AD0
:10C85000491C0A29F0EE601A40EE011AF0DB32EEB4
:10C86000E10A11E00121C1F1090402EB8404F0EEB8
:10C87000610A94ED000A491C0A29F0EE401A41EEC3
:10C88000201AF0DB31EE830A1BB100E00EE0B1EEBE
:10C89000400A30EE420A73E710EE101AC90F02D0B8
:10C8A0009FED140A6CE780ED002A0BE0F5EEC00A5C
:10C8B000F1EE10FA10D1B5EEC00AF1EE10FA03DD78
:10C8C000C0ED002A002010BDB5EEC00AF1EE10FA4E
:10C8D00002D29FED090A53E76FF0030010BD00007C
:10C8E00000000000A59204BDDB0FC93FE81101085C
:10C8F000DB0F4940DB0F49C0DB0FC9BF9FED1D1A9D
:10C90000F5EE000A40EE010ABDEEE00AF5EEC00ABF
:10C9100010EE100AF1EE10FA00D2401E00EE100ADE
:10C92000B8EEC00A30EEC00ADFED130A20EE200A8E
:10C93000BCEEC01A11EE100A80B2B0F5007F02D32F
:10C9400030EE600A002000EE900A0C49F7EE001A63
:10C95000F8EE600A01EB800090ED011A70EE600ABB
:10C9600090ED000A71EEE01A21EE800A00EE810AD5
:10C970007047000083F9223E00000044E4090108EA
:10C9800010B54C684368018840885268414308E00C
:10C99000B3EC010A491EF4EC010A30EE200AA2ECC5
:10C9A000010A0029F4D1002010BD018042804360BB
:10C9B000704700002DE9F04F0588B0F802A09FED08
:10C9C000AA0A4FF000092B46F7EE001A4A6812E057
:10C9D000EC1AF0EE400A02E0E2EC010A641E002CC0
:10C9E000FAD1E2EC011A5C1E02E0E2EC010A641EDC
:10C9F000002CFAD15B1E002BEAD100276FF0040B4C
:10CA00000FE1B0F802C046680CFB077306EB830326
:10CA10009146D3ED000A3C463A467B1C12E00CFBE3
:10CA2000037806EB8808B0EEE02A98ED000AB0EE35
:10CA3000C01AB4EEC21AF1EE10FA02DD1C46F0EE96
:10CA4000400A5B1CAB42EAD3F5EEC00AF1EE10FAE5
:10CA500036D0BC4234D002FB0C73ACEB070804FBAD
:10CA60000C7C06EB830306EB8C064FF0000C09E010
:10CA700093ED000A96ED001A0CF1010CA3EC011ADB
:10CA8000A6EC010AC445F3DB4E88D1F804C002FBD2
:10CA900006F374430CEB83030CEB84044FF0000C9F
:10CAA00009E093ED000A94ED001A0CF1010CA3ECDF
:10CAB000011AA4EC010AB445F3DB4FF001090AE0C6
:10CAC000B9F1000F07D1F5EEC00AF1EE10FA02D16C
:10CAD0005846BDE8F08F81EEA00A43884468DE1B0B
:10CAE00002FB037304EB8303002406E0D3ED000A8A
:10CAF000641C60EE800AE3EC010AB442F6DB4E8867
:10CB00004B6802FB06F403EB8403002406E0D3ED3C
:10CB1000000A641C60EE800AE3EC010AB442F6DB12
:10CB200000233BE04688D0F804C006FB03740CEBFE
:10CB30008404A6EB070894ED000A03FB06F40CEB53
:10CB4000840456430CEB860606EB870C04EB870443
:10CB5000002608E0BCEC011AD4ED000A761C40EE79
:10CB6000410AE4EC010A4645F4DBB1F802804E6864
:10CB700003FB08F402FB08FC06EB840406EB8C0CB8
:10CB8000002608E0BCEC011AD4ED000A761C40EE49
:10CB9000410AE4EC010A4645F4DB5B1C9342C1D335
:10CBA000531C3BE04688D0F804C006FB03740CEB32
:10CBB0008404A6EB070894ED000A03FB06F40CEBD3
:10CBC000840456430CEB860606EB870C04EB8704C3
:10CBD000002608E0BCEC011AD4ED000A761C40EEF9
:10CBE000410AE4EC010A4645F4DBB1F802804E68E4
:10CBF00003FB08F402FB08FC06EB840406EB8C0C38
:10CC0000002608E0BCEC011AD4ED000A761C40EEC8
:10CC1000410AE4EC010A4645F4DB5B1CAB42C1D39C
:10CC2000571C57454FF00002FFF4EBAEB9F1000F6F
:10CC300018D1B5EEC00AF1EE10FA13D14168002008
:10CC400005FB0AF509E001EB800393ED000AB5EE60
:10CC5000C00AF1EE10FA02D1401C8542F3D8854299
:10CC600000D15A46104634E7000000002DE9F04F8D
:10CC70004668D1F8049007884C88B0F80280DFED50
:10CC8000161AD2F804B08A464FF0000CDAF8040005
:10CC90000BEB8C052346B0EE610A3146424608E0B4
:10CCA000F1EC010A90ED001A00EB8400521E00EE38
:10CCB000810A002AF4D15B1EA4EB0301A5EC010A52
:10CCC00009EB8100E7D1A44406EB88067F1EDDD185
:10CCD0000020BDE8F08F00000000000010B54C6897
:10CCE0004368018840885268414308E0B3EC010A78
:10CCF000491EF4EC010A30EE600AA2EC010A002998
:10CD0000F4D1002010BDF0B50588426847884E6810
:10CD10002B46002406EB8401384606E0B2EC010AFB
:10CD2000401E81ED000A01EB85010028F6D15B1E53
:10CD300004F10104EED1F0BDDFED1C0A20EE200A63
:10CD4000FDEEC00AB5EEC00A10EE900AF1EE10FA40
:10CD500000D2401E00EE900AF8EEE00A30EE600AC3
:10CD6000DFED130A20EE200ABCEEC01A11EE100A05
:10CD700080B2B0F5007F02D330EE600A002000EEF2
:10CD8000900A0C49F7EE001AF8EE600A01EB8000F9
:10CD900090ED011A70EE600A90ED000A71EEE01A53
:10CDA00021EE800A00EE810A7047000083F9223EDE
:10CDB00000000044E409010870B500250024F3F7E1
:10CDC0001BFC8020F3F758FD5520F3F755FD552047
:10CDD000F3F752FD0546F3F705FC9620F3F73AFC0E
:10CDE000F3F70AFC8020F3F747FD5520F3F744FDE5
:10CDF0005520F3F741FD0546F3F7F4FB9620F3F7D2
:10CE000029FCF3F7F9FBB6217E20F3F745FDF3F794
:10CE1000E9FB5020F3F711FCF3F7EEFB8020F3F76A
:10CE20002BFD5520F3F728FD5520F3F725FD05468A
:10CE3000F3F7D8FB9620F3F70DFCF3F7DDFB80202A
:10CE4000F3F71AFD5520F3F717FD5520F3F714FDFE
:10CE50000546F3F7C7FB9620F3F7FCFB1E2D01D028
:10CE6000FF2070BD002434E0F3F7C6FB04EB44025E
:10CE70001A4B1A44517804EB4402985CF3F70CFD0A
:10CE8000F3F7B0FB9620F3F7E5FBF3F7B5FB04EB04
:10CE90004401124A515C41F08000F3F7EDFC55204B
:10CEA000F3F7EAFC5520F3F7E7FC0546F3F79AFBA6
:10CEB0009620F3F7CFFB04EB440008490844407880
:10CEC000A84204D004EB440008448078C9E7601C01
:10CED000C4B2062CC8DB0020C3E7000020050020F8
:10CEE00038B5002400200090F3F79CFB6946002031
:10CEF000F3F7B5FCF3F78CFB9620F3F7ABFBF3F7F6
:10CF000091FB69460020F3F7AAFCF3F781FB96201A
:10CF1000F3F7A0FBF3F786FBB6211420F3F7BCFC74
:10CF2000F3F776FB5020F3F788FBF3F77BFB6946BA
:10CF30000020F3F794FCF3F76BFB9620F3F78AFBE2
:10CF4000F3F770FB69460020F3F789FCF3F760FB09
:10CF50009620F3F77FFB9DF800000F2801D0FF20FB
:10CF600038BD00242FE0F3F75DFB04EB4402184BBF
:10CF70001A44517804EB4402985CF3F78DFCF3F704
:10CF800047FB9620F3F766FBF3F74CFB04EB4401F9
:10CF90000F4A505C6946F3F762FCF3F739FB9620C1
:10CFA000F3F758FB04EB44000949084440789DF826
:10CFB0000010884205D004EB4400054908448078FD
:10CFC000CEE7601CC4B2062CCDDB0020C8E7000011
:10CFD0003205002000B58BB0012009900020079099
:10CFE0000120089000200190029003900490069088
:10CFF000059001A90B48F3F7F1FE0A48F4F77BFB13
:10D0000002210848F3F730FE01A90748F3F7E6FECE
:10D010000548F4F770FB02210348F3F725FE0BB037
:10D0200000BD00004C0900207409002010B500204C
:10D0300026E033490A5C0831095C8A4204D00122A7
:10D040002F4910310A5403E000222D4910310A54AF
:10D050002B490A5C08310A542A490A5C0831095CE8
:10D060008A4204D00122274910310A5403E00022E9
:10D07000244910310A5423490A5C08310A54401CDF
:10D080000328D6DB1E48EC3890F8FC00C0B11C48E1
:10D09000EC3890F8FD0098B11948EC3890F8FE0093
:10D0A00070B11848EC3890F8FC0048B11548EC38DD
:10D0B00090F8FD0020B11348EC3890F8FE00E8B974
:10D0C00001211148F3F7F8FC02210F48F3F7F4FCB3
:10D0D00003210D48F3F7F0FC01210C48F3F7ECFCB9
:10D0E00002210A48F3F7E8FC03210848F3F7E4FCBF
:10D0F00007480078012801D10649087010BD0000DA
:10D10000986700209C6800204C09002074090020CA
:10D11000820300208F03002010B501F0AFFB10BD8B
:10D120006E4890F8200030B16D48407C18B16C48D2
:10D13000407C022803D100206A49087002E00120E7
:10D14000684908706648007C022802D101206649BF
:10D1500008706348007C032801D163490870604867
:10D16000007C012815D1614890ED0F0ADFED600ABF
:10D17000B4EEE00AF1EE10FA0BD290ED0F0ADFEDFB
:10D180005D0AB4EEE00AF1EE10FA02DD01205A4920
:10D190000870534890ED010A5848D0ED000A20EE7F
:10D1A000200A524880ED110A90ED110ADFED540A71
:10D1B000B4EEE00AF1EE10FA03DD9FED510A80EDC6
:10D1C000110A4A4890ED110ADFED4E0AB4EEE00A6A
:10D1D000F1EE10FA03D29FED4B0A80ED110A4048A0
:10D1E00090ED010ADFED480AB4EEE00AF1EE10FA24
:10D1F0000CD290ED010ADFED450AB4EEE00AF1EE43
:10D2000010FA03DD00204249087036E0344890ED02
:10D21000010ADFED3D0AB4EEE00AF1EE10FA11DD8D
:10D2200001203B4908703B4890ED000A3A48D0ED98
:10D23000000A30EE600A394880ED000A00203849C3
:10D2400008701AE0264890ED010ADFED300AB4EECE
:10D25000E00AF1EE10FA10D201202D4908702D4895
:10D2600090ED000A2C48D0ED000A30EE200A2B4841
:10D2700080ED000A00202A49087025480078F0B99E
:10D280001A4890ED0F0ADFED1A0AB4EEE00AF1EE4B
:10D2900010FA14D290ED0F0ADFED160AB4EEE00A90
:10D2A000F1EE10FA0BDD1E48007840B9194890EDF8
:10D2B000000A1A4880ED000A012019490870084840
:10D2C000D0ED020A174890ED001A174890ED000AB9
:10D2D00000EE810A80ED000A70470000A06C00207B
:10D2E000C86C002082030020900300209465002079
:10D2F0006F12833A6F1283BA9103002098050020C1
:10D300009A99993E9A9999BECDCC4C3DCDCC4CBDC5
:10D31000A005002090050020940500206C0300204B
:10D32000A10500209C0500202003002010B52948FD
:10D330000078C0B901212848F3F7BEFB0221264836
:10D34000F3F7BAFB03212448F3F7B6FB0121234886
:10D35000F3F7B2FB02212148F3F7AEFB03211F488C
:10D36000F3F7AAFB17E001211B48F3F7F9FB0221B1
:10D370001948F3F7F5FB03211748F3F7F1FB0121F7
:10D380001648F3F7EDFB02211448F3F7E9FB0321FC
:10D390001248F3F7E5FB12480078C8B117E0012105
:10D3A0000D48F3F789FB02210B48F3F785FB0321B6
:10D3B0000948F3F781FB01210848F3F77DFB0221BF
:10D3C0000648F3F779FB03210448F3F775FBE6E71A
:10D3D00010BD0000820300204C09002074090020C9
:10D3E0008F03002000B5164890ED020A1548D0EDD5
:10D3F000000AB4EEE00AF1EE10FA0CDC104890EDF1
:10D40000020A1048D0ED000AF1EE600AB4EEE00A1C
:10D41000F1EE10FA05D20C480068401C0A49086079
:10D4200002E000200849086007480068052803DD7D
:10D4300000200649087001E002F014FB00BD000066
:10D44000B86B0020EC010020940100208D03002027
:10D45000014671EE602AF0EE621AB0EE602A30EEFC
:10D46000423A01208840401E02EE900AF8EEE22A7D
:10D4700063EE222A82EEA13AFDEEC32A12EE900A52
:10D48000704700000848006808490968884203D1CD
:10D4900000200749087002E0012005490870024891
:10D4A0000068024908607047040500200C05002050
:10D4B00083030020624890ED190ADFED620A30EE26
:10D4C000200A614880ED000A5D4890ED180A5E4828
:10D4D00080ED020A5A4890ED210A5B4880ED010A6E
:10D4E000574890ED200A584880ED030A574890EDC0
:10D4F000190ADFED540A30EEC00A554880ED000AE3
:10D50000524890ED180AB1EE400A514880ED020AE7
:10D510004E4890ED210AB1EE400A4D4880ED010AD7
:10D520004A4890ED200AB1EE400A494880ED030ACE
:10D53000434890ED220A4548D0ED220A30EE600AB9
:10D54000F0EE000A80EE201A424890ED000A21EE2B
:10D55000000ADFED410A60EE200A9FED401A80EEDE
:10D56000810AF5EE080A20EE200A3D48D0ED0F0AA8
:10D57000384890ED001AF7EE001A31EEC11A00EEAD
:10D58000810A384880ED000A354890ED110AB1EE65
:10D59000400A3448D0ED000A30EE200A304880EDD1
:10D5A0000F0A314890ED000A2E48D0ED000A2F48AE
:10D5B00090ED001A00EE810A2B4880ED000A284801
:10D5C00090ED100AB1EE400A2748D0ED000A30EE87
:10D5D000200A234880ED0E0A90ED170A80ED180A04
:10D5E000234890ED000ADFED1C0A20EE200ADFED53
:10D5F0001B0A80EE201A1A4880ED171A90ED170AC0
:10D60000D0ED180A30EE600ADFED1A0A20EE200A8B
:10D6100080ED190A184890ED020A1848D0ED000A6A
:10D6200020EE200AD0ED000AB7EE001A71EE600A73
:10D63000134890ED001A01EE200A80ED000A7047B1
:10D64000AC660020DC0F494054020020B067002087
:10D65000B402002074030020DA0FC9400000B44374
:10D6600094650020700300206C0300209C010020C2
:10D67000EC04002000007A44B86B00207C030020FA
:10D680007803002000B52DED028B81B0B0EE408A0A
:10D69000B7EE000A8DED000AB0EE480AFEF748FF2B
:10D6A000DDED000A80EE801A8DED001A9DED000A76
:10D6B00001B0BDEC028B00BD00B52DED028B81B039
:10D6C000B0EE408AB7EE000A8DED000AB0EE480ACF
:10D6D000FEF72EFFDDED000A80EE801A8DED001AB8
:10D6E0009DED000A01B0BDEC028B00BD10B52DED23
:10D6F000028BFE48D0ED000AB0EE600AFFF71CFB7B
:10D70000FB4880ED000AF948D0ED000AB0EE600A4F
:10D71000FFF7F4F8F74880ED000AF448D0ED020A6C
:10D72000B0EE600AFFF708FBF34880ED000AEF480F
:10D73000D0ED020AB0EE600AFFF7E0F8EF4880EDA6
:10D74000000AEF4890ED000AEA48D0ED000A20EE0A
:10D75000200AE64880ED040AE94890ED000AE44812
:10D76000D0ED000A20EE200AE04880ED050AE548E9
:10D7700090ED000AE448D0ED000AE04890ED001A70
:10D7800000EE810AD94880ED080ADF4890ED000AD2
:10D79000D948D0ED000A20EE200AD44880ED090ACD
:10D7A00090ED040AD0ED080A30EE600AF0EE000AAF
:10D7B00020EE200AD548D0ED000A20EE200AD448F9
:10D7C00080ED000AC94890ED050AD0ED090A30EE57
:10D7D000600AF0EE000A20EE200ACC48D0ED000AE4
:10D7E00020EE200ACB4880ED000AC048D0ED040AA4
:10D7F00090ED081A70EEC10A60EEA00A90ED051ACD
:10D80000D0ED091A31EE611AD0ED051A90ED092A12
:10D8100071EEC21A41EE210AB0EE600AFEF788FEF0
:10D82000BD4880ED000ABD4890ED000A20EE000AD8
:10D83000B648D0ED000A90ED001A00EEC10AB648D5
:10D84000D0ED000A90ED001A00EEC10AB44880ED58
:10D85000000AAF48D0ED000A60EEA00AAD4890ED96
:10D86000001AD0ED001A41EE210AAD4890ED001AE1
:10D87000D0ED001A41EE610AB0EE600AFEF758FEE4
:10D88000A448D0ED000A30EE200AA148D0ED000AED
:10D89000A34890ED001A70EE810A80EE201AA1488C
:10D8A00080ED001A90ED000AF0EE000A60EE200A0A
:10D8B00090ED001AD0ED001AB7EE000A01EE210A31
:10D8C00080EE801A894880ED0A1A9648D0ED000A49
:10D8D00090ED001AB7EE000A00EEC10A90ED001AB2
:10D8E000D0ED001AF7EE000A41EE210A80EE201A70
:10D8F0007E4880ED0B1A824890ED000A7D48D0EDFD
:10D90000000A20EE200A7948D0ED0B0A7F4890EDFE
:10D91000001A01EE200A754880ED060A784890ED5D
:10D92000000A7348D0ED000A20EE200A6F48D0EDBF
:10D930000A0A764890ED001A01EE200A6B4880ED45
:10D94000070A90ED070AD0ED090A30EE600A734825
:10D95000D0ED000A80EE201A644880ED0F1A90ED99
:10D96000060AD0ED080A30EE600A6C48D0ED000AD5
:10D9700080EE201A5D4880ED101A90ED0A0AD0ED75
:10D98000100A20EE200AD0ED0F0A90ED0B1A00EEDF
:10D99000C10A654880ED000A544890ED0B0A5448CE
:10D9A000D0ED000A20EE200A5048D0ED0A0A514876
:10D9B00090ED001A00EEC10A4C48D0ED0F0A504815
:10D9C00090ED001A60EE810A20EE200A5648D0ED54
:10D9D000000A80EE201A554880ED001A4A4890ED62
:10D9E000000AFFEE000A20EE200A4048D0ED0A0AA5
:10D9F00060EE200A90ED100A3F4890ED001A20EEEC
:10DA0000010A3A4890ED0F1A3C48D0ED001A01EE99
:10DA1000610A20EE800A4448D0ED000A80EE201A08
:10DA2000434880ED001A364890ED000AFFEE000AE8
:10DA300020EE200A2D48D0ED100A60EE200A90ED6D
:10DA40000B0A2B4890ED001A20EE010A274890EDB2
:10DA50000A1A2848D0ED001A01EE610A20EE800A69
:10DA60003148D0ED000A80EE201A324880ED001ACD
:10DA70001E4890ED100A2048D0ED000A20EE200A42
:10DA80001A48D0ED0F0A1D4890ED001A00EEC10AA9
:10DA90001648D0ED0B0A1C4890ED001A60EE810A82
:10DAA00020EE200A2048D0ED000A80EE201A2248FD
:10DAB00080ED001A0D4890ED000AD0ED020A30EE1C
:10DAC000600AF0EE000A80EE201AB0EE418AB0EE55
:10DAD000480AFEF713FF194880ED000A034890ED4D
:10DAE000150A80ED160A06482AE0000054020020BC
:10DAF000A4030020A8030020AC030020B0030020F2
:10DB0000CC010020DC010020D8010020D001002041
:10DB1000B4030020B8030020BC030020D40100207F
:10DB2000C0030020C4030020A0030020F001002057
:10DB3000F8010020F4010020FC010020E003002097
:10DB4000D0ED000A60EEA00A884890ED001AD0EDF2
:10DB5000001A41EE610A864890ED001A21EE011A82
:10DB60008448D0ED001A21EE211AD0ED001A51EEB2
:10DB7000210AB0EE600AFEF7DBFC7D48D0ED000A1A
:10DB80007C4890ED001A00EE810A7B4880ED150A72
:10DB90007A4890ED020A80ED050A7748D0ED020A36
:10DBA000B0EE001A80EE810ADFED750A30EEC00A91
:10DBB000D0ED000AB0EE001AC0EE811A30EE610A14
:10DBC000704880ED000A6C4890ED020AF0EE000A01
:10DBD00080EE201A9FED6A0A30EE410AD0ED000A6D
:10DBE000B0EE001AC0EE811A30EE610A6348D0ED43
:10DBF000170A30EEC00AB1EE400A6348D0ED000AC1
:10DC000020EE200A5D48D0ED050A5F4890ED001A2D
:10DC1000F7EE001A31EEC11A00EE810A574880ED86
:10DC2000020A554890ED010AF0EE000A80EE201A33
:10DC3000524890ED190A31EE000A4F48D0ED030A20
:10DC4000B0EE001AC0EE811A30EE210AB1EE400AA1
:10DC50004A4880ED060A4B4890ED000AFEF74EFE5A
:10DC60004A4880ED000A474890ED000AFFF764F843
:10DC7000474880ED000A404890ED140AD0ED150A9F
:10DC800030EE600A4348D0ED000A20EE200A3A4800
:10DC9000D0ED150A90ED161A70EEC10A3E4890EDCF
:10DCA000001A01EE200A3D48D0ED000A30EE600A6D
:10DCB0003B4880ED000A3B4890ED010A3348D0ED27
:10DCC000000A60EE200A2C4890ED151A80EE810AB9
:10DCD0003348D0ED000A2E4890ED001A00EE810A7C
:10DCE000314880ED000A2F4890ED010AB1EE400A5C
:10DCF0002748D0ED000A60EE200A1F4890ED151A63
:10DD000080EE810A2648D0ED000A204890ED001AE6
:10DD100000EE810A254880ED000A254890ED000AB2
:10DD20002148D0ED000A20EE200A2248D0ED000A5A
:10DD30001E4890ED001A00EE810A1F4880ED000A8F
:10DD40001E4890ED000A1848D0ED000A20EE200A87
:10DD50001B48D0ED000A154890ED001A00EE810A2C
:10DD6000154880ED010ABDEC028B10BDD0010020EA
:10DD7000CC010020E0030020540200209465002024
:10DD8000DC0FC93FE4030020F0030020E80300207B
:10DD9000EC03002064030020680300204C030020F3
:10DDA000000200200C020020D4030020D803002031
:10DDB000F0010020F40100202C660020F801002072
:10DDC000FC01002010B52DED068BF74890ED010AFF
:10DDD000B1EE400AF54880ED020AF34890ED020AE0
:10DDE000F24880ED030A9FEDF20AF0EE409A9FEDB3
:10DDF000F00AB0EE40AAEF4890ED010AEE48D0EDEF
:10DE0000000AEE4890ED001A70EE810A80EE201AAA
:10DE1000B0EE41AAEA4890ED000AF0EE409A9FED7C
:10DE2000E40AB0EE408A9FEDE20AF0EE408AE5484F
:10DE300090ED140A20EE290AD0ED130A0AEE600ACA
:10DE4000B0EE408A90ED130A20EE290AD0ED140AB4
:10DE50000AEE200AF0EE408AD44890ED000A80EDE8
:10DE6000040A90ED010A80ED050A90ED060A80EDA6
:10DE7000080A90ED070A80ED090AD248D0ED170A8A
:10DE8000B0EE600AFEF78CFAF0EE400AC74890ED5B
:10DE9000020ACD4890ED001A01EE200ACB48D0EDE1
:10DEA000150AC84890ED131A00EEC10ABF4880ED6C
:10DEB000000AC448D0ED170AB0EE600AFEF7C8F9B0
:10DEC000F0EE400AB94890ED030ABF4890ED001A01
:10DED00001EE600ABD48D0ED150ABA4890ED141A5B
:10DEE00000EEC10AB14880ED010A90ED000AD0EDC4
:10DEF000040A30EE600AB648D0ED000A80EE201A1F
:10DF0000AA4880ED061A90ED010AD0ED050A30EE20
:10DF1000600AAF48D0ED000A80EE201AA34880EDD9
:10DF2000071A90ED060AD0ED080A30EE600AA848FC
:10DF3000D0ED000A80EE201A9C4880ED0A1A90ED80
:10DF4000070AD0ED090A30EE600AA148D0ED000AB8
:10DF500080EE201A954880ED0B1AF1EE680A9D4874
:10DF600090ED001A80EE810A9048D0ED0A0A30EE5A
:10DF7000C00AB1EE681A9748D0ED001AC1EE210A26
:10DF8000B6EE001A60EE810AB4EEE00AF1EE10FA85
:10DF900020D2F1EE680A90ED001A80EE810A8348E3
:10DFA000D0ED0A0A30EEC00AF1EE680A894890ED19
:10DFB000001AC0EE811AF1EE610AB6EE001A60EEA8
:10DFC000810AB4EEE00AF1EE10FA03DD0120824985
:10DFD000086002E00020804908607E48D0ED000A19
:10DFE0007E4890ED001AB0EE480A00EE810A7948AA
:10DFF00090ED001AC0EE010A6C4890ED0B0A70EE2D
:10E00000600A744890ED001A7448D0ED001AB0EE22
:10E01000480A01EE210A6F4890ED001AC0EE011A7D
:10E02000B6EE000A21EE800AF4EEC00AF1EE10FA14
:10E030002CD2D0ED000A694890ED001AB0EE480AE3
:10E0400000EE810A634890ED001AC0EE010A5748BD
:10E0500090ED0B0A70EE600A5E4890ED001A5F4882
:10E06000D0ED001AB0EE480A01EE210A594890EDB1
:10E07000001AC0EE011AB1EE610AB6EE001A20EEE7
:10E08000010AF4EEC00AF1EE10FA15DC4F4890EDEB
:10E09000150A5348D0ED000AB4EEE00AF1EE10FA8A
:10E0A0000ADA4A4890ED150A4E48D0ED000AB4EE5F
:10E0B000E00AF1EE10FA03D801204B49086002E0B3
:10E0C000002049490860494890ED220A484880EDFF
:10E0D000000A464890ED220A4548D0ED000A30EE8D
:10E0E000600A3B48D0ED000A80EE209A3F48D0ED10
:10E0F0002A0A404890ED001A80EE810A39EE400A63
:10E100003A48D0ED2A0A3B4890ED001AC0EE811A39
:10E11000DFED390A61EEA00AB4EEE00AF1EE10FA82
:10E120001CD33248D0ED2A0A324890ED001A80EE16
:10E13000810A39EE400A2D48D0ED2A0A2D4890ED8B
:10E14000001AC0EE811AF1EE610A9FED2B1A60EE03
:10E15000810AB4EEE00AF1EE10FA02DD012027494F
:10E1600008601D48006801280BD11F48006801287D
:10E1700007D122480068012803D1002020490870F7
:10E1800002E001201E4908701348006801283BD1B5
:10E190001548006838B919480068012834D10020B2
:10E1A0001849087033E02FE0B86B00204C6600205F
:10E1B000000000000C020020B0010020B40100208B
:10E1C0000402002094650020B801002054020020C1
:10E1D0009C010020A001002080010020C801002037
:10E1E000E0010020E401002084010020AC66002052
:10E1F0008C010020BC010020CDCCCC3D880100204A
:10E200008903002085030020012002490870BDEC2D
:10E21000068B10BD85030020D1ED003AC3ED003A16
:10E2200071EEC23AC1ED003AD2ED003A91ED004AEA
:10E2300073EE843AC2ED003AD2ED003AF4EEE23ADF
:10E24000F1EE10FA01DDC2ED002AD2ED003AB1EE96
:10E25000624AF4EEC43AF1EE10FA03D2F1EE623AF9
:10E26000C2ED003AD1ED003A63EE803A92ED004AF9
:10E2700040EE843A91ED004AD3ED004A34EE644A10
:10E2800041EE443AC0ED003AD0ED003AF4EEC33A24
:10E29000F1EE10FA01DD80ED003AD0ED003AB1EE7A
:10E2A000434AF4EEC43AF1EE10FA03D2F1EE433AE7
:10E2B000C0ED003A704700006A4890ED060AB1EEE2
:10E2C000400A6948D0ED020A20EE200A6548D0EDE8
:10E2D000070A654890ED061A00EEC10A6148D0EDC4
:10E2E000080A614890ED0E1A00EEC10A5D48D0EDB3
:10E2F000090A5D4890ED0F1A00EEC10A5948D0EDA9
:10E300000A0A594890ED171A00EEC10A5548D0ED97
:10E310000B0A554890ED191A00EEC10A534880EDDA
:10E32000000A504890ED000AB1EE400A4E48D0ED88
:10E33000020A20EE200A4B48D0ED010A4A4890ED2F
:10E34000061A00EEC10A4748D0ED020A464890ED91
:10E350000E1A00EEC10A4348D0ED030A424890ED80
:10E360000F1A00EEC10A3F48D0ED040A3E4890ED76
:10E37000171A00EEC10A3B48D0ED050A3A4890ED65
:10E38000191A00EEC10A394880ED010A354890EDAE
:10E39000060AB1EE400A3448D0ED090A20EE200A00
:10E3A0003048D0ED070A304890ED0D1A00EEC10A52
:10E3B0002C48D0ED080A2C4890ED0E1A00EEC10A48
:10E3C0002848D0ED090A284890ED0F1A00EEC10A3E
:10E3D0002448D0ED0A0A244890ED171A00EEC10A2D
:10E3E0002048D0ED0B0A204890ED191A00EEC10A22
:10E3F0001F4880ED000A1B4890ED000AB1EE400A6C
:10E400001948D0ED090A20EE200A1648D0ED010A7D
:10E41000154890ED0D1A00EEC10A1248D0ED020A1F
:10E42000114890ED0E1A00EEC10A0E48D0ED030A15
:10E430000D4890ED0F1A00EEC10A0A48D0ED040A0B
:10E44000094890ED171A00EEC10A0648D0ED050AFA
:10E45000054890ED191A00EEC10A054880ED010A41
:10E460007047000024020020946500200C02002068
:10E470001402002010B50F48007808B9FFF71CFF00
:10E4800002F0A4F80C4890ED000A0C48D0ED000A08
:10E4900030EE600A0A4880ED000A0A4890ED000A52
:10E4A0000648D0ED000A30EE200A054880ED010A4A
:10E4B00010BD0000910300200C0200202403002066
:10E4C0001C02002014020020F3F7BCFCFAF762FBE8
:10E4D000F8F7BAFDF8F73EFDF8F7F0FCF8F73CFE68
:10E4E000F8F7D2FEF8F726FFF8F75AFEF8F70CFD1A
:10E4F000F8F78CFEF8F73EFFF2F7DAF9FEF76AFD5F
:10E50000FEF70AFEFAF7D2F8802205490548F5F72A
:10E5100066FEF8F75BFD00F0DBF900BFFEE70000E8
:10E5200078060020140B002010B5C64890ED000AB4
:10E53000F0EE080AB4EEE00AF1EE10FA03DDB0EEF8
:10E54000080A80ED000ABF4890ED000AF8EE080ABC
:10E55000B4EEE00AF1EE10FA03D2B8EE080A80ED4C
:10E56000000AB84890ED010AF0EE080AB4EEE00A9D
:10E57000F1EE10FA03DDB0EE080A80ED010AB148B1
:10E5800090ED010AF8EE080AB4EEE00AF1EE10FA96
:10E5900003D2B8EE080A80ED010AAA4890ED020AFB
:10E5A000F0EE080AB4EEE00AF1EE10FA03DDB0EE88
:10E5B000080A80ED020AA34890ED020AF8EE080A64
:10E5C000B4EEE00AF1EE10FA03D2B8EE080A80EDDC
:10E5D000020A9C4890ED030AF0EE080AB4EEE00A45
:10E5E000F1EE10FA03DDB0EE080A80ED030A95485B
:10E5F00090ED030AF8EE080AB4EEE00AF1EE10FA24
:10E6000003D2B8EE080A80ED030A8F48007801288B
:10E610003CD18E480078C0BB9FED8D2ADFED8C1A6F
:10E620009FED8B1ADFED8A0A9FED890A0121894847
:10E63000F8F798FB9FED862ADFED851A9FED841A87
:10E64000DFED830A9FED820A02218248F8F78AFBF8
:10E650009FED7F2ADFED7E1A9FED7D1ADFED7C0AAC
:10E660009FED7B0A01217C48F8F77CFB9FED782A1F
:10E67000DFED771A9FED761ADFED750A9FED740ACC
:10E6800002217548F8F76EFB6AE0FFE773480078EF
:10E69000012855D172480078012851D1714800787D
:10E6A000F0BB684890ED000AB1EE400AB0EE402A97
:10E6B000DFED671A9FED661ADFED650A9FED640ACC
:10E6C00001216448F8F74EFB5E4890ED010AB1EE77
:10E6D000400AB0EE402ADFED5E1A9FED5D1ADFEDD5
:10E6E0005C0A9FED5B0A02215A48F8F73BFB55484C
:10E6F00090ED020AB1EE400AB0EE402ADFED541A66
:10E700009FED531ADFED520A9FED510A0121524845
:10E71000F8F728FB4B4890ED030AB1EE400A00E001
:10E720000EE0B0EE402ADFED4A1A9FED491ADFED08
:10E73000480A9FED470A02214748F8F713FB0FE00C
:10E7400001214448F2F7B8F902214248F2F7B4F93E
:10E7500001214148F2F7B0F902213F48F2F7ACF944
:10E76000414890ED000AF7EE000AB4EEE00AF1EE3F
:10E7700010FA03DDB7EE000A80ED000A3A4890ED8A
:10E78000000AFFEE000AB4EEE00AF1EE10FA03D23E
:10E79000BFEE000A80ED000A334890ED010AF7EE63
:10E7A000000AB4EEE00AF1EE10FA03DDB7EE000A5B
:10E7B00080ED010A2C4890ED010AFFEE000AB4EE4C
:10E7C000E00AF1EE10FA03D2BFEE000A80ED010A72
:10E7D0002248007801282BD121480078012827D130
:10E7E0002048007820BB204890ED000AB0EE402A77
:10E7F000DFED171A9FED161ADFED150A9FED140ACB
:10E8000003211448F8F7AEFA174890ED010AB1EE6B
:10E81000400AB0EE402ADFED0E1A9FED0D1ADFED33
:10E820000C0A9FED0B0A03210B48F8F79BFA07E04F
:10E8300003210848F2F740F903210748F2F73CF9B1
:10E8400010BD00002C66002091030020AC050020C4
:10E85000000000004C090020740900208203002001
:10E86000830300208F0300201C02002001460020AB
:10E87000842901D0CA1C10447047000010B5012142
:10E880000B48F2F76DF902210948F2F769F9032103
:10E890000748F2F765F901210648F2F761F902210C
:10E8A0000448F2F75DF903210248F2F759F910BD67
:10E8B0004C0900207409002070B5044625460DB1AE
:10E8C000294600E00121084601F01AFB002070BD36
:10E8D00010B501F043FB002010BD7FB504460D4686
:10E8E000606998B1A06988B1B4F90800FFF7BEFF6C
:10E8F0000646D4E90510CDE9006102902B46226955
:10E90000D4E9001001F0DEFC039013E0B4F9080034
:10E91000FFF7ACFF064603A8CDE90060238A9AB250
:10E920002B46D4E9001001F09BFC012802D0002006
:10E9300004B070BD0398FBE710B5FFF743FA00F091
:10E9400057FEFEF74FFD10BD2DE9F04105460E467E
:10E950001C4807681C480068001D01F0CCF950B93C
:10E960001948006890F82C10012088401749096860
:10E97000814316480160681C38B936B112480168F5
:10E98000091D134801F002FA1AE07C190E480068CC
:10E990004460BC4207D20C480168091D0D4800685C
:10E9A00001F0DAF90CE008480168091D0A4800681E
:10E9B00001F0D2F909480068844201D20748046096
:10E9C000BDE8F0819C00002088000020A00000200D
:10E9D00080290020900000208C000020B80000203A
:10E9E00010B5044601F0DEF923480068401C2249B6
:10E9F00008602248006840B9204804600846006862
:10EA000001280DD100F03EF90AE01D48006838B930
:10EA10001A480068C06AE16A884201D81748046051
:10EA200018480068401C1749086094F82C10012011
:10EA3000884015490968084313490860E16A01EBF9
:10EA40008101124A02EB8100211D01F09FF901F0C2
:10EA5000D3F90B48006868B108480068C06AE16AE9
:10EA6000884207D24FF0805009490860BFF34F8FAA
:10EA7000BFF36F8F10BD00009800002088000020B9
:10EA8000A4000020B4000020A0000020A428002042
:10EA900004ED00E010B516E001F084F90C48C06800
:10EAA000C468201D01F027F90A480068401E094982
:10EAB000086009480068401E0749086001F09CF999
:10EAC000204600F00BF8044800680028E4D110BD8F
:10EAD0006C290020980000209400002010B5044606
:10EAE00094F8510030B9206B01F0A4F9204601F0F0
:10EAF000A1F91AE094F85100012803D1204601F051
:10EB000099F912E094F85100022801D1012000E0A7
:10EB1000002050B900BF502080F31188BFF34F8F01
:10EB2000BFF36F8F00BF00BFFEE710BD30B54FF4DD
:10EB30007053174800F007042CB1C01D20F00700E7
:10EB4000134C041B1B1B0246124C22600024114D67
:10EB50006C60D018083820F007000F4C20600024AB
:10EB60000D4D2D686C600C4D2D682C601146441ABB
:10EB70004C60094C24680C60084D4C682C60084DB2
:10EB80004C682C604FF00044064D2C6030BD0000F6
:10EB900094290020C4000020CC000020D4000020D4
:10EBA000D0000020E000002000BFFFF773FF064800
:10EBB00000680128F9D94FF0805004490860BFF37C
:10EBC0004F8FBFF36F8FF0E7A428002004ED00E023
:10EBD0002DE9FF5F81460E469246DDE90E7B109CD3
:10EBE000AAF10100216B01EB800828F0070808F06A
:10EBF000070008B9012000E0002050B900BF5020F4
:10EC000080F31188BFF34F8FBFF36F8F00BF00BF3A
:10EC1000FEE786B1002507E0715D04F1340041553F
:10EC2000705D00B902E06D1C102DF5D300BF00210E
:10EC30004320015502E0002084F83400072F00D360
:10EC40000627E76267640020A064201D01F081F8B8
:10EC500004F1180001F07DF82461C7F10700A061FC
:10EC600064620020E06484F8500049464046039AFC
:10EC700000F050F92060BBF1000F01D0CBF800404C
:10EC8000BDE8FF9F10B5002407E004EB84010F4AA4
:10EC900002EB810001F050F8641C072CF5D30C48FE
:10ECA00001F04AF80B4801F047F80B4801F044F82E
:10ECB0000A4801F041F80A4801F03EF804480949C1
:10ECC000086004480849086010BD0000A42800201E
:10ECD0003029002044290020582900206C290020D8
:10ECE000802900208C0000209000002010B50146F3
:10ECF000164800E0006803688B42FBD30246436875
:10ED000013448B4204D143684C682344436001465A
:10ED10000A464B6813440468A34211D10C4C0368A3
:10ED20002468A34208D04B680468646823444B609D
:10ED300003681B680B6005E0054B1B680B6001E076
:10ED400003680B60884200D0016010BDC400002041
:10ED5000CC0000200A490968096809B9012100E0CE
:10ED6000002121B14FF0FF31064A116006E004494D
:10ED70000968C968C868034A4168116070470000A3
:10ED80008C000020B80000200E480068401C08B924
:10ED9000012000E0002050B900BF502080F311880E
:10EDA000BFF34F8FBFF36F8F00BF00BFFEE700BF01
:10EDB000502080F31188BFF34F8FBFF36F8F00BFD8
:10EDC00000BFFEE7E40000202DE9F04104464FF0CB
:10EDD000000801F01BF94948006808B9FFF7A6FED2
:10EDE000474800682040002870D1D4B1083404F0AE
:10EDF0000700B0B104F00700C0F10800044404F0BB
:10EE0000070008B9012000E0002050B900BF5020E1
:10EE100080F31188BFF34F8FBFF36F8F00BF00BF28
:10EE2000FEE7002C52D03748006884424ED8364E58
:10EE30003046056801E02E462D686868A04202D27F
:10EE400028680028F7D12D48006885423ED03068F8
:10EE500000F10808286830606868001B102819D97C
:10EE60002F1907F0070008B9012000E0002050B971
:10EE700000BF502080F31188BFF34F8FBFF36F8F17
:10EE800000BF00BFFEE76868001B78606C60384612
:10EE9000FFF72CFF1B4968680968081A19490860C0
:10EEA0000846006819490968884203D21548006875
:10EEB00016490860124968680968084368600020BC
:10EEC000286013480068401C1149086001F0FCFAF2
:10EED00008F0070008B9012000E0002050B900BF89
:10EEE000502080F31188BFF34F8FBFF36F8F00BFA7
:10EEF00000BFFEE74046BDE8F0810000CC000020E6
:10EF0000E0000020D0000020C4000020D400002039
:10EF1000D8000020001F4FF080730360001F21F015
:10EF200001030360001F054B036014380260001FDB
:10EF30006FF00203036020387047000089ED00087D
:10EF400010B52DED028BFE48D0ED000AB0EE600A40
:10EF5000FDF7F2FEFB4880ED000AF948D0ED000A0B
:10EF6000B0EE600AFDF7CAFCF74880ED000AF448ED
:10EF7000D0ED020AB0EE600AFDF7DEFEF34880ED48
:10EF8000000AEF48D0ED020AB0EE600AFDF7B6FCC9
:10EF9000EF4880ED000AEF4890ED000AEA48D0ED16
:10EFA000000A20EE200AE64880ED040AE94890EDC8
:10EFB000000AE448D0ED000A20EE200AE04880ED87
:10EFC000050AE54890ED000AE448D0ED000AE04863
:10EFD00090ED001A00EE810AD94880ED080ADF485A
:10EFE00090ED000AD948D0ED000A20EE200AD4485E
:10EFF00080ED090A90ED040AD0ED080A30EE600AAF
:10F00000F0EE000A20EE200AD548D0ED000A20EEEE
:10F01000200AD44880ED000AC94890ED050AD0EDD9
:10F02000090A30EE600AF0EE000A20EE200ACC4811
:10F03000D0ED000A20EE200ACB4880ED000AC0483F
:10F04000D0ED040A90ED081A70EEC10A60EEA00A35
:10F0500090ED051AD0ED091A31EE611AD0ED051ABE
:10F0600090ED092A71EEC21A41EE210AB0EE600A53
:10F07000FDF75EFABD4880ED000ABD4890ED000A3C
:10F0800020EE000AB648D0ED000A90ED001A00EE1E
:10F09000C10AB648D0ED000A90ED001A00EEC10A90
:10F0A000B44880ED000AAF48D0ED000A60EEA00A37
:10F0B000AD4890ED001AD0ED001A41EE210AAD489E
:10F0C00090ED001AD0ED001A41EE610AB0EE600A30
:10F0D000FDF72EFAA448D0ED000A30EE200AA14830
:10F0E000D0ED000AA34890ED001A70EE810A80EE80
:10F0F000201AA14880ED001A90ED000AF0EE000AF7
:10F1000060EE200A90ED001AD0ED001AB7EE000A6A
:10F1100001EE210A80EE801A894880ED0A1A96488D
:10F12000D0ED000A90ED001AB7EE000A00EEC10A19
:10F1300090ED001AD0ED001AF7EE000A41EE210A18
:10F1400080EE201A7E4880ED0B1A824890ED000A6E
:10F150007D48D0ED000A20EE200A7948D0ED0B0A58
:10F160007F4890ED001A01EE200A754880ED060AEE
:10F17000784890ED000A7348D0ED000A20EE200A8E
:10F180006F48D0ED0A0A764890ED001A01EE200A89
:10F190006B4880ED070A90ED070AD0ED090A30EEC2
:10F1A000600A7348D0ED000A80EE201A644880EDB2
:10F1B0000F1A90ED060AD0ED080A30EE600A6C488E
:10F1C000D0ED000A80EE201A5D4880ED101A90ED17
:10F1D0000A0AD0ED100A20EE200AD0ED0F0A90EDB9
:10F1E0000B1A00EEC10A654880ED000A544890ED04
:10F1F0000B0A5448D0ED000A20EE200A5048D0ED0A
:10F200000A0A514890ED001A00EEC10A4C48D0EDB0
:10F210000F0A504890ED001A60EE810A20EE200A95
:10F220005648D0ED000A80EE201A554880ED001AAD
:10F230004A4890ED000AFFEE000A20EE200A4048FE
:10F24000D0ED0A0A60EE200A90ED100A3F4890EDDA
:10F25000001A20EE010A3A4890ED0F1A3C48D0ED12
:10F26000001A01EE610A20EE800A4448D0ED000A3F
:10F2700080EE201A434880ED001A364890ED000ACF
:10F28000FFEE000A20EE200A2D48D0ED100A60EEB5
:10F29000200A90ED0B0A2B4890ED001A20EE010A8F
:10F2A000274890ED0A1A2848D0ED001A01EE610AAD
:10F2B00020EE800A3148D0ED000A80EE201A324854
:10F2C00080ED001A1E4890ED100A2048D0ED000A8B
:10F2D00020EE200A1A48D0ED0F0A1D4890ED001AC2
:10F2E00000EEC10A1648D0ED0B0A1C4890ED001A3A
:10F2F00060EE810A20EE200A2048D0ED000A80EE60
:10F30000201A224880ED001A0D4890ED000AD0ED39
:10F31000020A30EE600AF0EE000A80EE201AB0EE2B
:10F32000418AB0EE480AFDF7E9FA194880ED000A73
:10F33000034890ED150A80ED160A06482AE0000001
:10F34000B4020020F8030020FC0300200004002089
:10F3500004040020CC010020DC010020D8010020A2
:10F36000D0010020080400200C040020100400201C
:10F37000D40100201404002018040020F40300200D
:10F38000F0010020F8010020F4010020FC01002021
:10F3900034040020D0ED000A60EEA00A7F4890ED12
:10F3A000001AD0ED001A41EE610A7D4890ED001A76
:10F3B00021EE011A7B48D0ED001A21EE211AD0ED82
:10F3C000001A51EE210AB0EE600AFDF7B1F8744858
:10F3D000D0ED000A734890ED001A00EE810A7248E1
:10F3E00080ED150A714890ED090A80ED0C0A6E480F
:10F3F000D0ED020AB0EE001A80EE810ADFED6C0A51
:10F4000030EEC00AD0ED000AB0EE001AC0EE811A4C
:10F4100030EE610A674880ED000A6348D0ED020AC9
:10F42000B0EE001A80EE810ADFED610A30EEC00A0C
:10F43000D0ED000AB0EE001AC0EE811A30EE610A7B
:10F440005A48D0ED170A30EEC00AB1EE400A80EDFE
:10F45000090A554890ED010AF0EE000A80EE201AE4
:10F46000524890ED190A31EE000A4F48D0ED030AD8
:10F47000B0EE001AC0EE811A30EE210AB1EE400A59
:10F480004A4880ED0D0A4B4890ED000AFDF736FA28
:10F49000494880ED000A474890ED000AFDF74CFC12
:10F4A000464880ED000A404890ED140AD0ED150A58
:10F4B00030EE600A4248D0ED000A20EE200A3A48B9
:10F4C000D0ED150A90ED161A70EEC10A3D4890ED88
:10F4D000001A01EE200A3C48D0ED000A30EE200A66
:10F4E0003A4880ED000A3A4890ED010A3248D0EDE2
:10F4F000000A60EE200A2C4890ED151A80EE810A71
:10F500003248D0ED000A2D4890ED001A00EE810A35
:10F51000304880ED000A2E4890ED010AB1EE400A15
:10F520002648D0ED000A60EE200A1F4890ED151A1B
:10F5300080EE810A2548D0ED000A1F4890ED001AA0
:10F5400000EE810A244880ED000A244890ED000A6C
:10F550002048D0ED000A20EE200A2148D0ED000A14
:10F560001D4890ED001A10EEC10A1E4880ED020AF7
:10F570001D4890ED000A1748D0ED000A20EE200A41
:10F580001A48D0ED000A144890ED001A10EEC10A96
:10F59000144880ED030ABDEC028B10BDD0010020A1
:10F5A000CC01002034040020B40200209465002027
:10F5B000DC0FC93F380400203C0400204004002038
:10F5C00064030020680300204C0300200402002094
:10F5D00014020020280400202C040020F001002048
:10F5E000F40100202C660020F8010020FC0100201E
:10F5F00070B52DED068B0024002500269FEDDC0A5A
:10F60000F0EE409A9FEDDA0AB0EE40AAD94890EDAC
:10F61000000AD948D0ED000AD84890ED001A70EEE3
:10F62000810A80EE201AB0EE41AAD54890ED000A7A
:10F63000F0EE409A9FEDCE0AB0EE408A9FEDCC0AE4
:10F64000F0EE408ACF4890ED140A20EE290AD0ED62
:10F65000130A0AEE600AB0EE408A90ED130A20EE1B
:10F66000290AD0ED140A0AEE200AF0EE408AC648B4
:10F6700090ED000A80ED040A90ED010A80ED050A84
:10F6800090ED060A80ED080A90ED070A80ED090A60
:10F69000BC48D0ED170AB0EE600AFCF781FEF0EE30
:10F6A000400AB94890ED020AB84890ED001A01EE00
:10F6B000200AB748D0ED150AB24890ED131A00EEB3
:10F6C000C10AB14880ED000AAE48D0ED170AB0EE8D
:10F6D000600AFCF7BDFDF0EE400AAB4890ED030A6E
:10F6E000AA4890ED001A01EE600AA948D0ED150A6B
:10F6F000A44890ED141A00EEC10AA34880ED010A57
:10F7000090ED000AD0ED040A30EE600AA148D0ED79
:10F71000000A80EE201A9C4880ED061A90ED010A3E
:10F72000D0ED050A30EE600A9A48D0ED000A80EE6E
:10F73000201A954880ED071A90ED060AD0ED080AC8
:10F7400030EE600A9348D0ED000A80EE201A8E4811
:10F7500080ED0A1A90ED070AD0ED090A30EE600A32
:10F760008C48D0ED000A80EE201A874880ED0B1AF5
:10F77000B1EE680A8848D0ED000A80EE201A82486F
:10F7800090ED0A0A30EE410AB1EE681A8248D0EDD7
:10F79000001AC1EE210A9FED811A60EE810AB4EED3
:10F7A000E00AF1EE10FA1CD3B1EE680AD0ED000ABF
:10F7B00080EE201A744890ED0A0A30EE410AF1EE0C
:10F7C000680A754890ED001AC0EE811AF1EE610AE0
:10F7D0009FED721A60EE810AB4EEE00AF1EE10FAC3
:10F7E00001DD012400E000246B48D0ED000A6C48E4
:10F7F00090ED001AB0EE480A00EE810A664890EDDE
:10F80000001AC0EE010A604890ED0B0A70EE600A23
:10F81000614890ED001A6248D0ED001AB0EE480A37
:10F8200001EE210A5C48D0ED001A80EE211A9FED0E
:10F830005B0A21EE000AF4EEC00AF1EE10FA2CD3B6
:10F84000D0ED000A564890ED001AB0EE480A00EEDE
:10F85000810A514890ED001AC0EE010A4A4890ED25
:10F860000B0A70EE600A4C4890ED001A4C48D0ED3F
:10F87000001AB0EE480A01EE210A474890ED001A3E
:10F88000C0EE011AB1EE610A9FED441A20EE010AA2
:10F89000F4EEC00AF1EE10FA01DD012500E00025CA
:10F8A000404890ED230A404880ED000A3D4890ED25
:10F8B000230A3D48D0ED000A30EE600A3548D0ED0D
:10F8C000000A80EE209A3748D0ED2B0A374890ED99
:10F8D000001A80EE810A79EE400A324890ED2B1A28
:10F8E0003248D0ED001A81EE210A9FED2C1A20EE4D
:10F8F000010AF4EEC00AF1EE10FA1CD32948D0ED4B
:10F900002B0A2A4890ED001A80EE810A39EE400A4F
:10F910002448D0ED2B0A254890ED001AC0EE811A3C
:10F92000F1EE610A9FED1D1A60EE810AB4EEE00A65
:10F93000F1EE10FA00DD0126012C07D1012D05D1D1
:10F94000012E03D100201A49087002E00120184955
:10F950000870012C06D12DB9012E03D100201549C4
:10F96000087002E0012013490870BDEC068B70BDE1
:10F97000000000000C020020B0010020B4010020B3
:10F9800004020020946500207C660020B80100205D
:10F99000B40200209C010020A0010020CDCCCC3D71
:10F9A000C8010020B067002090010020BC010020A9
:10F9B0008A0300208603002010B50F4890ED003A1E
:10F9C0000E48D0ED002A0E4B0E4A0F490F48104C3E
:10F9D00094ED000AB1EE402A0E4CD4ED001A0E4C04
:10F9E00094ED001A0D4CD4ED000A0D4C94ED000A74
:10F9F000FEF712FC10BD0000600300205C03002035
:10FA00005803002054030020500300204C03002022
:10FA1000F00400204803002044030020400300209D
:10FA20003C03002010B500EE100A2DED028BB1EE64
:10FA3000C08A18EE100A20F00040C0F1FF40C00F4D
:10FA40000AD010EE100A20F00040C0F1FF40C00FB5
:10FA500004BF0120F0F782FD18EE100ABDEC028B06
:10FA600010BD00002148007805283DD1204890EDC8
:10FA7000020AB0EEC00ADFED1F0AB4EEE00AF1EEB2
:10FA800010FA27D21C4890ED000AB0EEC00AF6EE3C
:10FA9000000AB4EEE00AF1EE10FA1BD290ED010A72
:10FAA000B0EEC00AF6EE000AB4EEE00AF1EE10FA8B
:10FAB00010D290ED020AB0EEC00AF6EE000AB4EEE3
:10FAC000E00AF1EE10FA05D20C480068401C0B4920
:10FAD000086002E0002009490860084800680A2818
:10FAE00002DD012006490870704700008B030020EA
:10FAF000B86B002000004842C46B00209801002031
:10FB00008D03002000BFFDF791FAFDF7BBFCFDF768
:10FB10000DFC6420FEF7D0FEF4F7E0FEF3E70000F2
:10FB200000BF5B48007800287ED15A480078012841
:10FB300009D1FDF7BFFC00F0B7FAFEF79BFCFEF71A
:10FB4000FBFEFEF7F1FC534800780328ECD19FED53
:10FB5000520A524880ED000A9FED4F0A80ED010ADB
:10FB60009FED4D0A80ED020A9FED4B0A80ED030ADE
:10FB70009FED490A80ED040A9FED470A80ED050AD2
:10FB80009FED450A80ED060A9FED430A80ED070AC6
:10FB90009FED410A80ED080A9FED3F0A80ED090ABA
:10FBA0009FED3D0A80ED0A0A9FED3B0A80ED0B0AAE
:10FBB0009FED390A80ED0C0A9FED370A80ED0D0AA2
:10FBC0009FED350A80ED0E0A9FED330A80ED0F0A96
:10FBD0009FED310A80ED100A9FED2F0A80ED110A8A
:10FBE0009FED2D0A80ED120A9FED2B0A80ED130A7E
:10FBF0009FED290A80ED140A9FED270A80ED150A72
:10FC00009FED250A80ED160A9FED230A80ED170A65
:10FC10009FED210A80ED180A9FED1F0A80ED190A59
:10FC20009FED1D0A1E4800E028E080ED000A9FEDD0
:10FC30001A0A80ED010A9FED180A80ED030A9FED74
:10FC4000160A80ED020A9FED140A164880ED000A9C
:10FC50009FED110A80ED010A9FED0F0A124880ED19
:10FC6000000A9FED0D0A80ED010A9FED0B0A0F4877
:10FC700080ED000A9FED080A80ED010A0448007833
:10FC8000012801D1F6F744FE0120FEF715FE48E7F2
:10FC900091030020900300200000000094650020E4
:10FCA0002C6600201C0200200C0200201402002000
:10FCB000B0EE401A30EEC10AF0EE401AB0EE412A22
:10FCC00000EE100AB8EEC00A60EE212A01228A4036
:10FCD000521E00EE102AB8EEC03A82EE830A30EED1
:10FCE000020A704770B5044600252046FFF76CF8FD
:10FCF0000546284670BD01460A69D1E90130986081
:10FD0000D1E9010358605068884201D18868506089
:10FD1000002008611068401E1060106870470000E5
:10FD2000034B0360034B0B6080231360704700009C
:10FD3000F80600204C07002000F1080141604FF058
:10FD4000FF31816000F10801C160016100210160A3
:10FD5000704700210161704710B502460B685C1CBA
:10FD60000CB9106907E002F1080000E0406844683F
:10FD700024689C42FAD944684C604C68A160886051
:10FD800041600A611468641C146010BD42684A60D6
:10FD900093688B60936859609160086103685B1C8D
:10FDA0000360704700BF502080F31188BFF34F8F6E
:10FDB000BFF36F8F00BF0E480068401C0C490860FD
:10FDC00008460068012812D10A480068C0B208B984
:10FDD000012000E0002050B900BF502080F31188BE
:10FDE000BFF34F8FBFF36F8F00BF00BFFEE77047B9
:10FDF000E400002004ED00E00D48006850B900BFA9
:10FE0000502080F31188BFF34F8FBFF36F8F00BF77
:10FE100000BFFEE706480068401E05490860084626
:10FE2000006820B9002080F3118800BF00BF704730
:10FE3000E400002070B506463546002E44D0083D4B
:10FE40002C46224960680968084008B1012000E09A
:10FE5000002050B900BF502080F31188BFF34F8FAE
:10FE6000BFF36F8F00BF00BFFEE7206808B9012015
:10FE700000E0002050B900BF502080F31188BFF38C
:10FE80004F8FBFF36F8F00BF00BFFEE70F49606861
:10FE900009680840C0B12068B0B90C4960680968B9
:10FEA0008843606000F0B2F8094960680968084456
:10FEB000074908602046FEF719FF06480068401C05
:10FEC0000449086000F000FB70BD0000E000002065
:10FED000D0000020DC00002000204FF0E02108616D
:10FEE0008861064800684FF47A71B0FBF1F0401E5B
:10FEF0004FF0E0214861072008617047840000202E
:10FF000070B504460025D4B11248006808B9012034
:10FF100000E0002050B900BF502080F31188BFF3EB
:10FF20004F8FBFF36F8F00BF00BFFEE700F06EF88A
:10FF300000212046FEF708FD00F0C6FA05463DB94F
:10FF40004FF0805004490860BFF34F8FBFF36F8FAD
:10FF500070BD0000C000002004ED00E010B586B0C8
:10FF600000200590049003AA04A905A8FFF7D8FE75
:10FF70000022DDE904101346CDE9002102901CA106
:10FF80001D48039A00F09EF91C4908600846006865
:10FF900008B1012400E00024012C15D100BF50203D
:10FFA00080F31188BFF34F8FBFF36F8F00BF4FF007
:10FFB000FF301349086001201249086000201249EF
:10FFC000086000F099F810E0601C08B1012000E022
:10FFD000002050B900BF502080F31188BFF34F8F2D
:10FFE000BFF36F8F00BF00BFFEE706B010BD00007B
:10FFF00049444C4500000000A9EB0008BC0000206B
:020000040801F1
:10000000B8000020A40000209C00002002480068E6
:10001000401C014908607047C00000201D4800686E
:1000200018B101201C49086032E000201A4908601C
:100030001A480068B0FA80F0C0F11F0101EB81009E
:10004000174A52F8200008B1012000E0002050B902
:1000500000BF502080F31188BFF34F8FBFF36F8F25
:1000600000BF00BFFEE701EB81020D4B03EB8200F6
:1000700042685268426000F108024368934202D12C
:100080004268526842604268D268064B1A6000BFFC
:1000900070470000C0000020AC000020A00000203D
:1000A000A42800208800002010B5FFF785FCFDF78C
:1000B0001DFBFEF745FF0F4890ED120A80ED150A73
:1000C00090ED020AD0ED090A30EE200AF0EE000AA7
:1000D00080EE201A80ED121A90ED060AD0ED0D0A7E
:1000E00030EE200AF0EE000A80EE201A80ED161A9B
:1000F00010BD0000946500201CB5524800685249AC
:10010000884201D0012000E0002050B900BF5020FB
:1001100080F31188BFF34F8FBFF36F8F00BF00BF15
:10012000FEE7484800684849491E884201D001203E
:1001300000E0002050B900BF502080F31188BFF3C9
:100140004F8FBFF36F8F00BF00BFFEE73F490846E8
:1001500000780190FF200A46107008460078009051
:100160009DF8000000F0F0009DF80020904201D1C1
:10017000012000E0002050B900BF502080F311881A
:10018000BFF34F8FBFF36F8F00BF00BFFEE79DF837
:10019000000000F050002E4A107007202D4A106019
:1001A00009E02C480068401E2A4A10609DF80000B3
:1001B0004006000E00909DF8000000F080008028AE
:1001C000EFD024480068C0F10700042801D10120C5
:1001D00000E0002050B900BF502080F31188BFF329
:1001E0004F8FBFF36F8F00BF00BFFEE71948006855
:1001F0000002184A10601046008800F4E0601060A9
:10020000124A019810700F482030006840F47000C6
:100210000C49203108600846006840F070400860D2
:10022000FFF75AFE00200C490860F0F741F80B4830
:10023000006840F0404009490860F0F725F80020C8
:100240001CBD000000ED00E071C20F4100E400E0C1
:10025000E8000020EC000020E400002034EF00E083
:100260002DE9FF4F85B0804689461746DDE912AB80
:10027000B800FEF7A9FD064656B15420FEF7A4FDCE
:1002800004460CB1266304E03046FFF7D3FD00E0DE
:1002900000248CB1002084F85100CDE900ABCDE9F9
:1002A00002403A4649464046089BFEF791FC2046EC
:1002B000FEF796FB012501E04FF0FF35284609B017
:1002C000BDE8F08F2DE9F04F85B00746884691468E
:1002D0009A46DDE90EB6109C0EB1012000E0002028
:1002E00050B900BF502080F31188BFF34F8FBFF388
:1002F0006F8F00BF00BFFEE70CB1012000E00020BF
:1003000050B900BF502080F31188BFF34F8FBFF367
:100310006F8F00BF00BFFEE754200390039854285E
:1003200001D1012000E0002050B900BF502080F32F
:100330001188BFF34F8FBFF36F8F00BF00BFFEE781
:1003400000BFB4B1AEB125462C462E63022085F81D
:100350005100002004A953464A46CDE900B1CDE939
:10036000025041463846FEF733FC2846FEF738FB7C
:1003700001E000200490049805B0BDE8F08F000073
:100380002DE9F0414FF000084448006800287CD176
:1003900043480068451C4248056015BB4148006859
:1003A000006808B9012000E0002050B900BF5020CB
:1003B00080F31188BFF34F8FBFF36F8F00BF00BF73
:1003C000FEE738480768384800683649086036480C
:1003D000076036480068401C34490860FEF7BAFCE4
:1003E00000BF3348006885423CD300BF2D480068F9
:1003F000006808B9012000E0002020B14FF0FF3074
:100400002B4908602DE027480068C068C46866680A
:10041000B54202D22648066023E0201DFFF76BFCA0
:10042000A06A18B104F11800FFF765FC94F82C10CD
:10043000012088401F49096808431E490860E16A95
:1004400001EB81011C4A02EB8100211DFFF79EFC9C
:100450001A49E06A0968C96A8842C7D34FF001089F
:10046000C4E700BF15480068C06A00EB800012496D
:1004700051F82000012801D94FF001081048006808
:1004800008B14FF0010805E0FFE70E480068401C86
:100490000C4908604046BDE8F0810000C000002023
:1004A0009C0000208C00002090000020B000002064
:1004B000B8000020A0000020A42800208800002010
:1004C000AC000020A800002070B5002400263648AB
:1004D000006850B900BF502080F31188BFF34F8FE0
:1004E000BFF36F8F00BF00BFFEE7FFF75BFC2E4836
:1004F0000068401E2C4908600846006800284FD15B
:100500002A48006800284BD024E02948C068C46805
:1005100004F11800FFF7EFFB201DFFF7ECFB94F848
:100520002C100120884023490968084321490860AC
:10053000E16A01EB8101204A02EB8100211DFFF7F6
:1005400025FC1E49E06A0968C96A884202D3012075
:100550001B4908601648006808B9012000E0002027
:100560000028D2D00CB1FEF7F5FB1648056865B13E
:1005700000BFFFF705FF10B10120114908606D1E93
:10058000002DF6D100200F4908600D48006838B1F1
:10059000012630070C490860BFF34F8FBFF36F8F00
:1005A000FFF72AFC304670BDC000002098000020F4
:1005B00058290020A0000020A42800208800002046
:1005C000AC000020A800002004ED00E010B5824837
:1005D00090ED000ADFED810AB4EEE00AF1EE10FAC8
:1005E0000BDD90ED000ADFED7D0A30EE600ADFEDF5
:1005F0007C0A30EE200A80ED000A774890ED000A70
:10060000DFED770AB4EEE00AF1EE10FA0BD290EDCE
:10061000000ADFED720A30EE200ADFED700A30EEDC
:10062000200A80ED000A6C4890ED000AB5EEC00A81
:10063000F1EE10FA2ADD6B4890ED000AB5EEC00A23
:10064000F1EE10FA22D2644890ED000ADFED630A61
:1006500030EE600A6348D0ED000AB4EEE00AF1EE35
:1006600010FA13DD5C4890ED000ADFED5C0A30EE15
:10067000C00A5C48D0ED000A9FED581A70EE810A5E
:1006800030EE200A584880ED000A3FE0524890EDD5
:10069000000AB5EEC00AF1EE10FA2CD2514890EDE6
:1006A000000AB5EEC00AF1EE10FA24DD4A4890EDDA
:1006B000000ADFED4A0A30EE200A4A48D0ED000A6F
:1006C000B4EEE00AF1EE10FA15D2434890ED000ABC
:1006D000DFED420A30EE200A4248D0ED000A9FEDDD
:1006E0003F1A71EE600A30EE200AB1EE400A3E4831
:1006F00080ED000A0AE03B4890ED000A3648D0ED54
:10070000000A30EE600A384880ED000A374890ED64
:10071000000AF2EE040AB4EEE00AF1EE10FA08DC88
:1007200090ED000AFAEE040AB4EEE00AF1EE10FAD7
:1007300004D2B7EE000A2E4880ED000A2B4890ED57
:10074000000AFFEE000AB4EEE00AF1EE10FA1CDD3A
:1007500090ED000AF7EE000AB4EEE00AF1EE10FAAE
:1007600013D2234890ED000AF7EE000AB4EE600AB7
:10077000F1EE10FA09D19FED1F0A80ED000A194829
:1007800090ED000A144880ED000A1B4890ED220A03
:100790001A48D0ED220A30EE200A194880ED000AEE
:1007A000184890ED003A1848D0ED002A174B184A27
:1007B000184919480C4C94ED002ADFED0E1A174C1D
:1007C00094ED001A164CD4ED000A164C94ED000A74
:1007D000FDF722FD10BD000020030020000034437F
:1007E000000034C3F40400209403002078030020A8
:1007F0009803002000000000AC660020B0670020D5
:100800009C03002038030020340300203003002024
:100810002C03002028030020240300201C030020B8
:1008200018030020140300204FF04070E1EE100A7E
:100830007047000084120108518B0008000000007E
:100840000000000080000000000000000000000028
:100850009C12010821FB0008FDFF000000000000C1
:10086000800000000000000000000000901201085D
:1008700005FB0008030000000000000080000000ED
:10088000000000000000000078120108555A00081E
:10089000FDFF0000000000008000000000000000DC
:1008A00000000000000610160006101600000000F0
:1008B0000000000001020304060708090000000010
:1008C000010203040000803F00000000000000005F
:1008D0000000000000000000000000000000000018
:1008E0000000803F00000000000000000000000049
:1008F0000000000000000000000000000000803F39
:1009000000000000000000000000000000000000E7
:1009100000000000000000000000803F0000000018
:1009200000000000000000000000000000000000C7
:10093000000000000000803F0000000000000000F8
:1009400000000000000000000000000000000000A7
:100950000000803F0050C347CDCCCC3DCDCCCC3D3A
:10096000CDCCCC3DCDCCCC3DCDCCCC3DCDCCCC3DFF
:100970000050C347CDCCCC3DCDCCCC3DCDCCCC3D37
:10098000CDCCCC3DCDCCCC3DCDCCCC3D0050C34727
:10099000CDCCCC3DCDCCCC3DCDCCCC3DCDCCCC3DCF
:1009A000CDCCCC3DCDCCCC3D0050C347CDCCCC3D07
:1009B000CDCCCC3DCDCCCC3DCDCCCC3DCDCCCC3DAF
:1009C000CDCCCC3D0000C842CDCCCC3DCDCCCC3D37
:1009D000CDCCCC3DCDCCCC3DCDCCCC3DCDCCCC3D8F
:1009E0000000C84200000000920E493CB10AC93C18
:1009F0002BC3163D2EFB483D752B7B3D04A9963D30
:100A000080B6AF3D36BDC83D2FBCE13D73B2FA3D67
:100A100087CF093E8340163EB5AB223EA2102F3E43
:100A2000CF6E3B3EC2C5473E0115543E135C603E4F
:100A30007F9A6C3ECCCF783EC07D823E938E883EBE
:100A4000229A8E3E32A0943E86A09A3EE59AA03E1F
:100A5000128FA63ED47CAC3EEF63B23E2A44B83E31
:100A6000491DBE3E15EFC33E53B9C93ECA7BCF3EBA
:100A70004136D53E80E8DA3E4F92E03E7533E63EA1
:100A8000BBCBEB3EEA5AF13ECBE0F63E275DFC3EA7
:100A9000E4E7003F3D9C033F824B063F9BF5083F48
:100AA0006B9A0B3FDA390E3FCDD3103F2A68133FC4
:100AB000D9F6153FC07F183FC6021B3FD17F1D3FAF
:100AC000CBF61F3F9967223F25D2243F5636273F5A
:100AD0001594293F4AEB2B3FDE3B2E3FBB85303F31
:100AE000C9C8323FF304353F233A373F4268393FA4
:100AF0003B8F3B3FF9AE3D3F67C73F3F70D8413F1B
:100B000001E2433F03E4453F65DE473F12D1493FE1
:100B1000F8BB4B3F029F4D3F207A4F3F3D4D513F29
:100B20004918533F31DB543FE595563F5348583FF2
:100B30006AF2593F1A945B3F532D5D3F05BE5E3FFD
:100B40002146603F97C5613F5A3C633F59AA643FC5
:100B5000880F663FD86B673F3CBF683FA7096A3F75
:100B60000C4B6B3F5E836C3F93B26D3F9ED86E3FE4
:100B700073F56F3F0809713F5213723F4714733F7B
:100B8000DD0B743F0BFA743FC6DE753F07BA763F44
:100B9000C58B773FF853783F9812793F9DC7793FCF
:100BA00002737A3FBE147B3FCDAC7B3F283B7C3F3A
:100BB000C9BF7C3FAC3A7D3FCCAB7D3F23137E3F2A
:100BC000B0707E3F6DC47E3F580E7F3F6D4E7F3FBD
:100BD000AB847F3F0FB17F3F97D37F3F43EC7F3F95
:100BE00011FB7F3F0000803F11FB7F3F43EC7F3FC5
:100BF00097D37F3F0FB17F3FAB847F3F6D4E7F3FE9
:100C0000580E7F3F6DC47E3FB0707E3F23137E3F02
:100C1000CCAB7D3FAC3A7D3FC9BF7C3F283B7C3F9E
:100C2000CDAC7B3FBE147B3F02737A3F9DC7793FBB
:100C30009812793FF853783FC58B773F07BA763FD4
:100C4000C6DE753F0BFA743FDD0B743F4714733FEC
:100C50005213723F0809713F73F56F3F9ED86E3F84
:100C600093B26D3F5E836C3F0C4B6B3FA7096A3FAD
:100C70003CBF683FD86B673F880F663F59AA643F07
:100C80005A3C633F97C5613F2146603F05BE5E3FCA
:100C9000532D5D3F1A945B3F6AF2593F5348583FCA
:100CA000E595563F31DB543F4918533F3D4D513F89
:100CB000207A4F3F029F4D3FF8BB4B3F12D1493F37
:100CC00065DE473F03E4453F01E2433F70D8413FC3
:100CD00067C73F3FF9AE3D3F3B8F3B3F4268393FDF
:100CE000233A373FF304353FC9C8323FBB85303F15
:100CF000DE3B2E3F4AEB2B3F1594293F5636273FCC
:100D000025D2243F9967223FCBF61F3FD17F1D3F5D
:100D1000C6021B3FC07F183FD9F6153F2A68133F14
:100D2000CDD3103FDA390E3F6B9A0B3F9BF5083F4E
:100D3000824B063F3D9C033FE4E7003F275DFC3EBE
:100D4000CBE0F63EEA5AF13EBBCBEB3E7533E63ED6
:100D50004F92E03E80E8DA3E4136D53ECA7BCF3E38
:100D600053B9C93E15EFC33E491DBE3E2A44B83EA5
:100D7000EF63B23ED47CAC3E128FA63EE59AA03E15
:100D800086A09A3E32A0943E229A8E3E938E883E52
:100D9000C07D823ECCCF783E7F9A6C3E135C603E35
:100DA0000115543EC2C5473ECF6E3B3EA2102F3EBA
:100DB000B5AB223E8340163E87CF093E73B2FA3D63
:100DC0002FBCE13D36BDC83D80B6AF3D04A9963D80
:100DD000752B7B3D2EFB483D2BC3163DB10AC93C0C
:100DE000920E493C00000000920E49BCB10AC9BCF9
:100DF0002BC316BD2EFB48BD752B7BBD04A996BD2C
:100E000080B6AFBD36BDC8BD2FBCE1BD73B2FABD63
:100E100087CF09BE834016BEB5AB22BEA2102FBE3F
:100E2000CF6E3BBEC2C547BE011554BE135C60BE4B
:100E30007F9A6CBECCCF78BEC07D82BE938E88BEBA
:100E4000229A8EBE32A094BE86A09ABEE59AA0BE1B
:100E5000128FA6BED47CACBEEF63B2BE2A44B8BE2D
:100E6000491DBEBE15EFC3BE53B9C9BECA7BCFBEB6
:100E70004136D5BE80E8DABE4F92E0BE7533E6BE9D
:100E8000BBCBEBBEEA5AF1BECBE0F6BE275DFCBEA3
:100E9000E4E700BF3D9C03BF824B06BF9BF508BF44
:100EA0006B9A0BBFDA390EBFCDD310BF2A6813BFC0
:100EB000D9F615BFC07F18BFC6021BBFD17F1DBFAB
:100EC000CBF61FBF996722BF25D224BF563627BF56
:100ED000159429BF4AEB2BBFDE3B2EBFBB8530BF2D
:100EE000C9C832BFF30435BF233A37BF426839BFA0
:100EF0003B8F3BBFF9AE3DBF67C73FBF70D841BF17
:100F000001E243BF03E445BF65DE47BF12D149BFDD
:100F1000F8BB4BBF029F4DBF207A4FBF3D4D51BF25
:100F2000491853BF31DB54BFE59556BF534858BFEE
:100F30006AF259BF1A945BBF532D5DBF05BE5EBFF9
:100F4000214660BF97C561BF5A3C63BF59AA64BFC1
:100F5000880F66BFD86B67BF3CBF68BFA7096ABF71
:100F60000C4B6BBF5E836CBF93B26DBF9ED86EBFE0
:100F700073F56FBF080971BF521372BF471473BF77
:100F8000DD0B74BF0BFA74BFC6DE75BF07BA76BF40
:100F9000C58B77BFF85378BF981279BF9DC779BFCB
:100FA00002737ABFBE147BBFCDAC7BBF283B7CBF36
:100FB000C9BF7CBFAC3A7DBFCCAB7DBF23137EBF26
:100FC000B0707EBF6DC47EBF580E7FBF6D4E7FBFB9
:100FD000AB847FBF0FB17FBF97D37FBF43EC7FBF91
:100FE00011FB7FBF000080BF11FB7FBF43EC7FBFC1
:100FF00097D37FBF0FB17FBFAB847FBF6D4E7FBFE5
:10100000580E7FBF6DC47EBFB0707EBF23137EBFFE
:10101000CCAB7DBFAC3A7DBFC9BF7CBF283B7CBF9A
:10102000CDAC7BBFBE147BBF02737ABF9DC779BFB7
:10103000981279BFF85378BFC58B77BF07BA76BFD0
:10104000C6DE75BF0BFA74BFDD0B74BF471473BFE8
:10105000521372BF080971BF73F56FBF9ED86EBF80
:1010600093B26DBF5E836CBF0C4B6BBFA7096ABFA9
:101070003CBF68BFD86B67BF880F66BF59AA64BF03
:101080005A3C63BF97C561BF214660BF05BE5EBFC6
:10109000532D5DBF1A945BBF6AF259BF534858BFC6
:1010A000E59556BF31DB54BF491853BF3D4D51BF85
:1010B000207A4FBF029F4DBFF8BB4BBF12D149BF33
:1010C00065DE47BF03E445BF01E243BF70D841BFBF
:1010D00067C73FBFF9AE3DBF3B8F3BBF426839BFDB
:1010E000233A37BFF30435BFC9C832BFBB8530BF11
:1010F000DE3B2EBF4AEB2BBF159429BF563627BFC8
:1011000025D224BF996722BFCBF61FBFD17F1DBF59
:10111000C6021BBFC07F18BFD9F615BF2A6813BF10
:10112000CDD310BFDA390EBF6B9A0BBF9BF508BF4A
:10113000824B06BF3D9C03BFE4E700BF275DFCBEBA
:10114000CBE0F6BEEA5AF1BEBBCBEBBE7533E6BED2
:101150004F92E0BE80E8DABE4136D5BECA7BCFBE34
:1011600053B9C9BE15EFC3BE491DBEBE2A44B8BEA1
:10117000EF63B2BED47CACBE128FA6BEE59AA0BE11
:1011800086A09ABE32A094BE229A8EBE938E88BE4E
:10119000C07D82BECCCF78BE7F9A6CBE135C60BE31
:1011A000011554BEC2C547BECF6E3BBEA2102FBEB6
:1011B000B5AB22BE834016BE87CF09BE73B2FABD5F
:1011C0002FBCE1BD36BDC8BD80B6AFBD04A996BD7C
:1011D000752B7BBD2EFB48BD2BC316BDB10AC9BC08
:1011E000920E49BC00000080000000000100803F1A
:1011F000C90CC0B7E565AABE435690BB3C695D3ECD
:10120000EBFCA9BC08B732BEE745093EA59204BD78
:1012100000000000FEFFFF7FB60100008E1555D5CF
:101220006364030017F68519AE9219007F3AD5EE74
:101230004552F1F8A4A3152204B0FAE02548DD0CCC
:1012400054C0DBFD0000FF7FFFFF67D570FFAD1BC3
:1012500058FDA9E92911DBFB000000006E83F9A20B
:101260002915444ED15727FCC0DD34F5999562DB32
:101270004190433CAB6351FE494D555F5461736BE4
:101280000000000064656661756C745461736B00E6
:101290005461736B5F3130306D7300005461736B58
:1012A0005F316D7300000000C812010800000020CB
:1012B00078060000C4010008D41401087806002054
:1012C000C86C000020020008011413BDA114080519
:1012D000A21B0815041A41041A81041A89141ACD94
:1012E000041312011402020216408304405726021E
:1012F00001020301071A040309041A031331091B2D
:10130000082D0413E9081B0855081A71044132100E
:10131000193F21035D24F41AAA01C1130A063202FF
:101320002A407C13119914080D974C085B9B941A62
:10133000E10C1305961B08C304C11385981B0841D3
:10134000041ACD041A3104140902431302011DC00A
:10135000320904C51A020B130524161001052401D5
:10136000100901042402020524061701070582035F
:1013700008151009040133020A2E0705010240076F
:101380002A8107041E81018220116F12833ACBA1AA
:10139000C53E59A3DE3EF111C13F2827C03EE319E7
:1013A000343D9EB59B3DFDD98F3B83A53A3928EF4F
:1013B000633BD526053CC3F51C41CDCCCC3DB81EC6
:1013C000053E04290C415CCDCC4C0C232041033458
:1013D000B44300314809791E4275020E4111C721FC
:1013E00041AD694742575BB13D295C4FBE2BF69139
:1013F000C0871639BFC1CA21BF6F124BC0091B8EEF
:101400003F5839343E3C9A99194C690801500916E5
:1014100060000D166F12033CACC527370AD7A33CFA
:101420000E23803FCDCC4C941C5C8F42281B7A4607
:101430000482C43C0AD7235855CDCCCC3D1B0101B6
:10144000032904190B015F697C01512C50C347D05B
:1014500009120409531C110B1AC8421C1904224416
:101460001A48081A20044169080126100DE7416B4B
:101470003A58A08B3A7D04017C160240AB03411020
:1014800009055308065804070F160810820911169B
:101490000A15800B16054C0C18010D00111023DBEA
:1014A00079BE0AD7A33C17B7513A333333BF03256C
:1014B000F401223F032040401CCDCC4C28012E19C2
:1014C00034423D051A0AD7233C091B7C19740300DA
:0414D000803F000059
:040000050800018965
:00000001FF
